url	title	date	author	up	normal	down	img_list	ip	
https://www.ptt.cc/bbs/Beauty/M.1313326046.A.C8B.html	[帥哥] 最近發現的帥哥	2011-08-14 20:47:24	hyhyhy	12	4	3	http://i.imgur.com/CRvh5.jpg	140.124.56.136	Taipei
https://www.ptt.cc/bbs/Beauty/M.1316892809.A.70D.html	[帥哥] 今日最帥	2011-09-25 03:33:26	maverickEd	46	6	15	http://i.imgur.com/Tpa5v.jpg;http://i.imgur.com/QC3JC.jpg	61.224.203.73	Douliu
https://www.ptt.cc/bbs/Beauty/M.1318665801.A.FAC.html	[帥哥] 「青年莫那」大慶 	2011-10-15 16:03:17	ejywar	6	2	0	http://i.imgur.com/BD3WF.jpg;http://i.imgur.com/AvL5K.jpg	220.139.131.26	Taoyuan
https://www.ptt.cc/bbs/Beauty/M.1322393915.A.118.html	[帥哥] 娃娃臉陽光男孩	2011-11-27 19:38:34	catsay	9	6	2	http://i.imgur.com/evQR3.jpg;http://i.imgur.com/ehg96.jpg;http://i.imgur.com/0aYYs.jpg	118.167.184.15	Taoyuan City
https://www.ptt.cc/bbs/Beauty/M.1330607882.A.739.html	[帥哥] 在士林夜市拍到的帥哥	2012-03-01 21:17:51	rrea0204	9	8	1	http://i.imgur.com/EBHwu.jpg;http://i.imgur.com/anBA0.jpg;http://i.imgur.com/VJHPk.jpg	220.134.53.206	Taipei
https://www.ptt.cc/bbs/Beauty/M.1341121976.A.B60.html	[帥哥] 優質!	2012-07-01 13:52:53	qscxz	12	2	7	http://i.imgur.com/NllMk.jpg;http://i.imgur.com/6gy6l.jpg;http://i.imgur.com/5lZ8O.jpg;http://i.imgur.com/cZXVK.jpg	220.131.135.234	Taipei
https://www.ptt.cc/bbs/Beauty/M.1348331192.A.25F.html	[帥哥] 稻葉浩志~48歲生日快樂	2012-09-23 00:26:29	shanyaochung	49	2	0	http://i.imgur.com/HVW5n.jpg;http://i.imgur.com/9DxXn.jpg;http://i.imgur.com/8fhX3.jpg;http://i.imgur.com/FxJSI.jpg;http://i.imgur.com/Oxmze.jpg;http://i.imgur.com/oXwkt.jpg;http://i.imgur.com/PVFVT.jpg;http://i.imgur.com/jFN4Z.jpg;http://i.imgur.com/U7NPI.jpg;http://i.imgur.com/5we84.jpg;http://i.imgur.com/CeRjY.jpg;http://i.imgur.com/5ldP2.jpg	114.45.231.36	Keelung
https://www.ptt.cc/bbs/Beauty/M.1357995503.A.DE4.html	[帥哥] 挑戰本日最帥	2013-01-12 20:58:17	oor1212	18	7	10	http://i.imgur.com/ZkPTv.jpg	119.14.107.75	Kaohsiung
https://www.ptt.cc/bbs/Beauty/M.1374071299.A.172.html	[帥哥] 今日我最帥	2013-07-17 22:28:15	Lavchi	6	3	0	http://i.imgur.com/dYaRP0V.jpg;http://i.imgur.com/hkyhEaO.png	114.32.219.62	Zhubei
https://www.ptt.cc/bbs/Beauty/M.1377470114.A.A7C.html	[帥哥]  四十年前的我爸	2013-08-26 06:35:11	white306	64	14	1	http://i.imgur.com/Ta0h02N.jpg	158.143.171.8	London
https://www.ptt.cc/bbs/Beauty/M.1378821815.A.73E.html	[帥哥] 性感女人 Andrej Pejic	2013-09-10 22:03:30	gaiaesque	5	4	2	http://i.imgur.com/ziLxrME.jpg;http://i.imgur.com/k9F36sj.jpg;http://i.imgur.com/NIp1Lqs.jpg;http://i.imgur.com/t9d8Jov.jpg;http://i.imgur.com/DoD9Vr1.jpg;http://i.imgur.com/o3UsqVM.jpg;http://i.imgur.com/AdUpRmE.jpg;http://i.imgur.com/Yk5odb8.jpg	111.242.41.227	Jiayi Shi
https://www.ptt.cc/bbs/Beauty/M.1380552732.A.BC0.html	[帥哥] 一個開冰店的帥哥老闆	2013-09-30 22:52:07	a0000000000v	71	51	19	http://i.imgur.com/EtAmhfo.jpg;http://i.imgur.com/MM0VybB.jpg;http://i.imgur.com/QL3tIJt.jpg;http://i.imgur.com/96xEn6a.jpg;http://i.imgur.com/7m1vRCk.jpg;http://i.imgur.com/KiAjOlX.jpg;http://i.imgur.com/5wikpGD.jpg;http://i.imgur.com/CZbGpI5.jpg;http://i.imgur.com/825qMf9.jpg;http://i.imgur.com/PkAHLWz.jpg;http://i.imgur.com/2YEmEr5.jpg;http://i.imgur.com/KL7Zf0v.jpg	124.11.197.250	Banqiao
https://www.ptt.cc/bbs/Beauty/M.1384774200.A.B2F.html	[帥哥] 出賣我所認識的帥哥們	2013-11-18 19:29:51	crazyposted	9	7	3	http://i.imgur.com/1Cq0wPq.jpg;http://i.imgur.com/ARIWavB.jpg;http://i.imgur.com/qubfRiE.jpg;http://i.imgur.com/pD6xdmn.jpg;http://i.imgur.com/c7KDPUH.jpg;http://i.imgur.com/jXipv8A.jpg;http://i.imgur.com/uyJARys.jpg;http://i.imgur.com/eTu5UPB.jpg;http://i.imgur.com/C1JJizh.jpg;http://i.imgur.com/70eOzpD.jpg;http://i.imgur.com/fBKCHti.jpg;http://i.imgur.com/TBGj4Hv.jpg;http://i.imgur.com/xGn5pLB.jpg;http://i.imgur.com/5HKGKJD.jpg;http://i.imgur.com/8DYoiJj.jpg;http://i.imgur.com/lIg5V95.jpg;http://i.imgur.com/4IiRje9.jpg	140.128.195.106	Taipei
https://www.ptt.cc/bbs/Beauty/M.1385211401.A.DF8.html	[帥哥] 在任何時代都是帥哥的男人 北村一輝	2013-11-23 20:56:36	gaiaesque	34	10	4	http://i.imgur.com/NZGedxN.jpg;http://i.imgur.com/ap32GHl.jpg;http://i.imgur.com/uwkgf1Q.jpg;http://i.imgur.com/sPX7R2w.jpg;http://i.imgur.com/Y4lQVYW.jpg;http://i.imgur.com/UxCMGPk.jpg	122.118.53.114	Buli
https://www.ptt.cc/bbs/Beauty/M.1389621009.A.CA9.html	[帥哥] 出賣老闆	2014-01-13 21:50:07	monologue62	1	4	0	http://i.imgur.com/MFVm1Hq.jpg	114.43.161.131	Banqiao
https://www.ptt.cc/bbs/Beauty/M.1391335529.A.0FA.html	[帥哥] 挑戰新年第一魅力熟男！！	2014-02-02 18:05:24	white07	90	7	7	http://i.imgur.com/THAXGA2.jpg;http://i.imgur.com/AKVArmG.jpg;http://i.imgur.com/0XKa3YU.png	124.8.74.128	Banqiao
https://www.ptt.cc/bbs/Beauty/M.1396517100.A.3DC.html	[帥哥] 個人最喜愛的歌手 ~ 王傑 飛碟時期舊照	2014-04-03 17:24:56	Ykmiod	20	10	0	http://i.imgur.com/rVNH08X.jpg;http://i.imgur.com/wpR8YPA.jpg;http://i.imgur.com/1Nkn1w1.jpg;http://i.imgur.com/shlLxOV.jpg;http://i.imgur.com/wPq8ljb.jpg;http://i.imgur.com/6MbmeHi.jpg;http://i.imgur.com/vCcr0xi.jpg;http://i.imgur.com/V0Ufu4p.jpg;http://i.imgur.com/7D1twcZ.jpg;http://i.imgur.com/DVygxjh.jpg;http://i.imgur.com/NjzORD8.jpg;http://i.imgur.com/pJJURrm.jpg;http://i.imgur.com/9DwNAZb.jpg;http://i.imgur.com/FGgukSJ.jpg;http://i.imgur.com/PtvFmrl.jpg;http://i.imgur.com/spTF6vC.jpg;http://i.imgur.com/xB6PCyq.jpg;http://i.imgur.com/JieiAR2.jpg;http://i.imgur.com/84e9Kyt.jpg;http://i.imgur.com/f43IYny.jpg;http://i.imgur.com/A3tThMr.jpg;http://i.imgur.com/I0M7Iox.jpg;http://i.imgur.com/3j26WLf.jpg;http://i.imgur.com/QpGOZa0.jpg;http://i.imgur.com/z0hoOQI.jpg;http://i.imgur.com/9gCoKe8.jpg;http://i.imgur.com/AAadmfp.jpg;http://i.imgur.com/M4ijPnt.jpg;http://i.imgur.com/VKai4ju.jpg;http://i.imgur.com/wBVNQvp.jpg;http://i.imgur.com/9RgSqCK.jpg;http://i.imgur.com/QXCwU6E.jpg;http://i.imgur.com/azFXeuP.jpg;http://i.imgur.com/bU5rjt7.jpg;http://i.imgur.com/bRxWUSN.jpg;http://i.imgur.com/V5SsqO2.jpg;http://i.imgur.com/kq90DRZ.jpg;http://i.imgur.com/6Afsqfw.jpg;http://i.imgur.com/RVq8v4X.jpg;http://i.imgur.com/8XoBdeT.jpg;http://i.imgur.com/bVYgRsy.jpg;http://i.imgur.com/qL0W4cy.jpg;http://i.imgur.com/osxhaef.jpg;http://i.imgur.com/dKSO1GF.jpg;http://i.imgur.com/huvgyl4.jpg;http://i.imgur.com/ILXSqO5.jpg;http://i.imgur.com/f3yPCnD.jpg;http://i.imgur.com/tgf7bCX.jpg;http://i.imgur.com/9EDxs0g.jpg;http://i.imgur.com/h1AhiAS.jpg;http://i.imgur.com/A5JUhZQ.jpg;http://i.imgur.com/oIloqMU.jpg;http://i.imgur.com/xALlb5V.jpg;http://i.imgur.com/SkGi3WC.jpg;http://i.imgur.com/JW5bURq.jpg;http://i.imgur.com/bBdCZZ2.jpg;http://i.imgur.com/sqYLHp1.jpg;http://i.imgur.com/2OIYtDE.jpg;http://i.imgur.com/lYLfzie.jpg;http://i.imgur.com/rVNH08X.jpg;http://i.imgur.com/hjoMEkj.jpg;http://i.imgur.com/7oLmBqu.jpg;http://i.imgur.com/78PVU43.jpg;http://i.imgur.com/sG5WlHT.jpg;http://i.imgur.com/INxkbuO.jpg;http://i.imgur.com/l0vX9ji.jpg;http://i.imgur.com/vKPpCHT.jpg;http://i.imgur.com/d9txgDZ.jpg;http://i.imgur.com/96qsOyP.jpg;http://i.imgur.com/dImieXe.jpg;http://i.imgur.com/HEBHdmz.jpg;http://i.imgur.com/qdBCpsH.jpg;http://i.imgur.com/yFeF2w6.jpg;http://i.imgur.com/etMXjfY.jpg;http://i.imgur.com/urhuYFO.jpg;http://i.imgur.com/p7oDCql.jpg;http://i.imgur.com/iqY5wGC.jpg;http://i.imgur.com/u87lzds.jpg;http://i.imgur.com/uWucqrn.jpg;http://i.imgur.com/01CD4LH.jpg;http://i.imgur.com/O66UAnV.jpg;http://i.imgur.com/NFE3DYU.jpg;http://i.imgur.com/Lsz0TUV.jpg;http://i.imgur.com/uGQIH61.jpg;http://i.imgur.com/zQInHYA.jpg;http://i.imgur.com/NDmBmCS.jpg;http://i.imgur.com/jtIqIu2.jpg;http://i.imgur.com/QQhefnD.jpg;http://i.imgur.com/Gbv58Fv.jpg;http://i.imgur.com/AWXiHGp.jpg;http://i.imgur.com/ToNYd6R.jpg;http://i.imgur.com/SMfyqN3.jpg;http://i.imgur.com/kclGi7i.jpg;http://i.imgur.com/e4mxrb1.jpg;http://i.imgur.com/RLhyV6D.jpg;http://i.imgur.com/VVkp0WD.jpg;http://i.imgur.com/oRUrqpN.jpg;http://i.imgur.com/hEuVCsC.jpg;http://i.imgur.com/VaMUhlu.jpg;http://i.imgur.com/ecDEOQI.jpg;http://i.imgur.com/2l4b0J5.jpg;http://i.imgur.com/NQpeqZn.jpg;http://i.imgur.com/OSYpoxQ.jpg;http://i.imgur.com/j30xYwD.jpg;http://i.imgur.com/OpZq8XN.jpg;http://i.imgur.com/xuHjM6M.jpg;http://i.imgur.com/I3JH9YZ.jpg;http://i.imgur.com/Pv38lsP.jpg;http://i.imgur.com/TcCXvdB.jpg;http://i.imgur.com/3rc8wkj.jpg;http://i.imgur.com/SW63OX1.jpg	114.140.1.252	Taipei
https://www.ptt.cc/bbs/Beauty/M.1397474992.A.087.html	[帥哥] 花美男？	2014-04-14 19:29:49	Tiderus	1	5	7	http://i.imgur.com/7r2LkcX.jpg;http://i.imgur.com/AZlacLq.jpg;http://i.imgur.com/3U2sqch.jpg;http://i.imgur.com/js6nGUu.jpg	123.240.159.38	Taichung
https://www.ptt.cc/bbs/Beauty/M.1397472294.A.1FE.html	[帥哥] 眨眼睛	2014-04-14 18:44:51	hermione0814	17	8	5	http://i.imgur.com/KoZhuHO.jpg;http://i.imgur.com/g4jtiBi.jpg;http://i.imgur.com/nACwjen.jpg;http://i.imgur.com/S8gVh76.jpg;http://i.imgur.com/uK6CCCz.jpg;http://i.imgur.com/k3b4FY0.jpg;http://i.imgur.com/bDPpPNX.jpg;http://i.imgur.com/qT6Mz9r.jpg	180.176.252.4	Nantou
https://www.ptt.cc/bbs/Beauty/M.1397477817.A.5BC.html	[帥哥] 美韓混血	2014-04-14 20:16:55	Harionago	17	3	1	http://i.imgur.com/014sYmv.jpg;http://i.imgur.com/oHYdoAu.jpg;http://i.imgur.com/somDrKH.jpg;http://i.imgur.com/tynmrV3.jpg;http://i.imgur.com/h7Qz0Jg.jpg;http://i.imgur.com/rXR5gt6.jpg;http://i.imgur.com/YwVRsc3.jpg;http://i.imgur.com/AvaRxdL.jpg;http://i.imgur.com/yg5phhI.jpg;http://i.imgur.com/IDHt4oQ.jpg;http://i.imgur.com/QjaJhHL.jpg;http://i.imgur.com/SemlMrH.jpg;http://i.imgur.com/gL1NmhA.jpg;http://i.imgur.com/wWomfHD.jpg;http://i.imgur.com/wgfPQlb.jpg;http://i.imgur.com/bVO4z0b.jpg	1.163.190.92	Banqiao
https://www.ptt.cc/bbs/Beauty/M.1401090619.A.CA2.html	[帥哥] 姊姊正，弟弟帥	2014-05-26 15:50:16	iddddddddddd	57	14	2	http://i.imgur.com/Td1m9wR.jpg;http://i.imgur.com/jYEa6sh.jpg;http://i.imgur.com/PnkBfCZ.jpg;http://i.imgur.com/Dr5OzNu.jpg;http://i.imgur.com/vjTCj55.jpg	114.37.186.233	Banqiao
https://www.ptt.cc/bbs/Beauty/M.1403622649.A.896.html	[帥哥] 帥的定義	2014-06-24 23:10:47	wesley03	57	17	39	http://i.imgur.com/VtCE4Vq.jpg;http://i.imgur.com/SnwNcyQ.jpg;http://i.imgur.com/Mi1N1Qs.jpg;http://i.imgur.com/5xGEVnp.jpg;http://i.imgur.com/ZYcRMW0.jpg;http://i.imgur.com/zwMJgL5.jpg;http://i.imgur.com/XPk2Fc9.jpg;http://i.imgur.com/vm6x4CF.jpg;http://i.imgur.com/65FFYFh.jpg	211.75.72.139	Taichung
https://www.ptt.cc/bbs/Beauty/M.1404325327.A.2C9.html	[帥哥] 吱吱界的冠希哥	2014-07-03 02:22:04	KennyLife	412	44	21	http://i.imgur.com/Vt2AjTc.jpg;http://i.imgur.com/2PTaZNF.jpg	61.228.253.224	Banqiao
https://www.ptt.cc/bbs/Beauty/M.1404658111.A.F63.html	[帥哥] 韓國靈異事件展-神帥哥工作人員fb	2014-07-06 22:48:28	ijn123g	16	5	5	http://i.imgur.com/jUQ2FMb.jpg	220.136.210.12	Taipei
https://www.ptt.cc/bbs/Beauty/M.1405436714.A.6D1.html	[帥哥] robin van persie	2014-07-15 23:05:12	qk123	7	2	4	http://i.imgur.com/b7jQw4E.jpg;http://i.imgur.com/Qgicu6H.jpg;http://i.imgur.com/MbdiDhp.jpg	111.240.227.115	Taipei
https://www.ptt.cc/bbs/Beauty/M.1406725162.A.D3C.html	[帥哥] 熱血的青春最帥氣	2014-07-30 20:59:20	MusicD	2	2	9	http://i.imgur.com/gPdE6BJ.jpg	182.155.85.24	Taichung
https://www.ptt.cc/bbs/Beauty/M.1408106387.A.00F.html	[帥哥] 帥成這樣不知該說啥了。	2014-08-15 20:39:43	Tiderus	10	11	12	http://i.imgur.com/oLXZJBZ.jpg;http://i.imgur.com/sEB4Yiw.jpg;http://i.imgur.com/bS1smH6.jpg;http://i.imgur.com/7DaJv90.jpg;http://i.imgur.com/xycsekm.jpg;http://i.imgur.com/ZWU7uGz.jpg;http://i.imgur.com/oURsbGM.jpg;http://i.imgur.com/t9KHKf5.jpg	123.241.47.101	Taichung
https://www.ptt.cc/bbs/Beauty/M.1408957133.A.614.html	[帥哥] 我爸年輕時....	2014-08-25 16:58:50	merk	14	4	1	http://i.imgur.com/OooAQfc.jpg	114.42.159.91	Taipei
https://www.ptt.cc/bbs/Beauty/M.1409252644.A.7E9.html	[帥哥]  我的爸爸	2014-08-29 03:04:01	dani0921	150	34	2	http://i.imgur.com/YjI2uMx.jpg;http://i.imgur.com/AtxPbV0.jpg;http://i.imgur.com/OASh5dp.jpg	114.43.168.83	Taipei
https://www.ptt.cc/bbs/Beauty/M.1409842978.A.7C0.html	[帥哥] 新莊線小帥哥	2014-09-04 23:02:55	banelmer	8	6	3	http://i.imgur.com/PCKskHS.jpg;http://i.imgur.com/VMzcXio.jpg;http://i.imgur.com/yB61sZB.jpg	42.71.41.76	Banqiao
https://www.ptt.cc/bbs/Beauty/M.1409762152.A.54E.html	[帥哥] 好帥氣的暖男	2014-09-04 00:35:49	niyuanyuan	8	7	1	http://i.imgur.com/NgewYqt.jpg;http://i.imgur.com/9ekeRAK.jpg;http://i.imgur.com/1b1kzUg.jpg;http://i.imgur.com/tKMQmw8.jpg;http://i.imgur.com/iMDFnZQ.jpg;http://i.imgur.com/RTEA12e.jpg	223.136.223.49	Yilan
https://www.ptt.cc/bbs/Beauty/M.1411399483.A.70F.html	[帥哥] 50歲的日本主唱--稻葉浩志	2014-09-22 23:24:40	shanyaochung	61	2	0	http://i.imgur.com/C974kNI.jpg;http://i.imgur.com/995RtaK.jpg;http://i.imgur.com/UDV9Efs.jpg;http://i.imgur.com/u3a9fBO.jpg;http://i.imgur.com/7gIDkt1.jpg	118.160.164.218	Banqiao
https://www.ptt.cc/bbs/Beauty/M.1411892297.A.497.html	[帥哥] 暖	2014-09-28 16:18:15	mownar	29	15	7	http://i.imgur.com/p3CUz9c.jpg	1.164.149.240	Taipei
https://www.ptt.cc/bbs/Beauty/M.1412334907.A.8C2.html	[帥哥] 海陸戰隊>///<	2014-10-03 19:15:05	erhumm	35	23	7	http://i.imgur.com/thMdWCo.jpg;http://i.imgur.com/uCaGQco.jpg;http://i.imgur.com/rZc6von.jpg;http://i.imgur.com/PAQnz16.jpg;http://i.imgur.com/6FKQ3Pe.jpg;http://i.imgur.com/3iLW6lu.jpg;http://i.imgur.com/uYQRpOD.jpg;http://i.imgur.com/jz8Hed0.jpg	110.27.154.219	Pingtung
https://www.ptt.cc/bbs/Beauty/M.1413564158.A.036.html	[帥哥] 就是個13歲的(正太)風箏衝浪冠軍...	2014-10-18 00:42:34	emulli	1	3	4	http://i.imgur.com/QJX2UGD.jpg;http://i.imgur.com/AV1ZwXE.jpg;http://i.imgur.com/AV1ZwXE.jpg;http://i.imgur.com/AV1ZwXE.jpg;http://i.imgur.com/QJX2UGD.jpg;http://i.imgur.com/QJX2UGD.jpg;http://i.imgur.com/4m0fYhV.jpg;http://i.imgur.com/4m0fYhV.jpg;http://i.imgur.com/4m0fYhV.jpg	1.163.235.193	Zhubei
https://www.ptt.cc/bbs/Beauty/M.1413979823.A.376.html	[帥哥] 清新牙套帥哥	2014-10-22 20:10:21	lin6lin9	14	9	8	http://i.imgur.com/3IpDHxN.jpg;http://i.imgur.com/hWG9Z6B.jpg;http://i.imgur.com/AaYN58C.jpg;http://i.imgur.com/oRXv2wb.jpg;http://i.imgur.com/cFOHjNv.jpg;http://i.imgur.com/JYNYxII.jpg	42.77.7.194	Taichung
https://www.ptt.cc/bbs/Beauty/M.1414205855.A.4C5.html	[帥哥] 調酒師	2014-10-25 10:57:32	eeveechung	1	1	3	http://i.imgur.com/TJeaOvR.jpg	24.2.125.52	Pittsburgh
https://www.ptt.cc/bbs/Beauty/M.1416229124.A.CC8.html	[帥哥] River Phoenix  瑞凡·費尼克斯	2014-11-17 20:58:41	srwcc	6	3	0	http://i.imgur.com/SwI4y3Z.jpg;http://i.imgur.com/iTjSmS2.jpg;http://i.imgur.com/99NnrVs.jpg;http://i.imgur.com/pnrfAKs.jpg;http://i.imgur.com/PNIHC6H.jpg;http://i.imgur.com/ATz4CKc.jpg;http://i.imgur.com/wLynB0f.jpg;http://i.imgur.com/lneCKFV.jpg;http://i.imgur.com/v0jwPA0.jpg	42.75.93.252	Chang-hua
https://www.ptt.cc/bbs/Beauty/M.1416639712.A.3EE.html	[帥哥] 跪求貌似高以翔帥哥臉書,IG	2014-11-22 15:01:50	a8n6i9123456	0	2	1	http://i.imgur.com/03n3YqA.jpg	42.75.233.234	Miaoli
https://www.ptt.cc/bbs/Beauty/M.1416677303.A.C16.html	[帥哥] 我的外公	2014-11-23 01:28:18	kevin310007	32	9	6	http://i.imgur.com/RgVZTkf.jpg;http://i.imgur.com/RISJXo3.jpg;http://i.imgur.com/exotIUc.jpg;http://i.imgur.com/aisZDhq.jpg;http://i.imgur.com/ChY9E0I.jpg	118.167.23.136	Taoyuan City
https://www.ptt.cc/bbs/Beauty/M.1417178845.A.8F5.html	[帥哥] 交大健身房帥哥>///<	2014-11-28 20:47:22	ck994097	77	15	10	http://i.imgur.com/5vXpH8G.jpg;http://i.imgur.com/DiMOlqA.jpg;http://i.imgur.com/dyLT4FM.jpg;http://i.imgur.com/BKEDEyM.jpg;http://i.imgur.com/pbKTH2f.jpg;http://i.imgur.com/fI1ZEyj.jpg	114.44.233.81	Taoyuan City
https://www.ptt.cc/bbs/Beauty/M.1417892691.A.01E.html	[帥哥] 小楊過  吳磊	2014-12-07 03:04:46	lovekimbum	4	1	0	http://i.imgur.com/dHStBl7.jpg;http://i.imgur.com/qMkpw1S.jpg;http://i.imgur.com/28O0uOo.jpg	42.76.233.223	Chang-hua
https://www.ptt.cc/bbs/Beauty/M.1417943269.A.98A.html	[帥哥] 帥!眼神有殺氣!	2014-12-07 17:07:45	lovepink7556	15	5	17	http://i.imgur.com/gIXe2Eo.jpg;http://i.imgur.com/RP9cEN3.jpg	114.24.49.57	Taipei
https://www.ptt.cc/bbs/Beauty/M.1418268812.A.5EF.html	[帥哥] 地鐵外國帥哥	2014-12-11 11:33:29	benji2007	6	10	6	http://i.imgur.com/CP9uHH8.jpg	134.208.242.47	Taipei
https://www.ptt.cc/bbs/Beauty/M.1418725259.A.323.html	[帥哥] 清大工科最帥	2014-12-16 18:20:56	bkk0225	54	10	17	http://i.imgur.com/OTZO32j.jpg;http://i.imgur.com/iExLy3B.jpg;http://i.imgur.com/jK2cnob.jpg	223.142.58.58	Taoyuan City
https://www.ptt.cc/bbs/Beauty/M.1418832413.A.ED6.html	[帥哥] 質感男	2014-12-18 00:06:50	yalooo626	32	10	4	http://i.imgur.com/m5gys47.jpg	39.9.148.142	Banqiao
https://www.ptt.cc/bbs/Beauty/M.1418888586.A.31A.html	[帥哥] 成功der	2014-12-18 15:43:04	LSKCmuachi	29	11	12	http://i.imgur.com/zMkAuSt.jpg	42.70.192.14	Banqiao
https://www.ptt.cc/bbs/Beauty/M.1419156983.A.925.html	[帥哥] 出賣老爸(ノ뒑龤ꬪ)	2014-12-21 18:16:21	seanww	103	15	19	http://i.imgur.com/WwwqZ2u.jpg;http://i.imgur.com/A0RAVa8.jpg;http://i.imgur.com/WAJun3z.jpg;http://i.imgur.com/y276ky2.jpg	36.231.126.163	Taipei
https://www.ptt.cc/bbs/Beauty/M.1419515946.A.EC1.html	[帥哥] 出賣學長	2014-12-25 21:59:03	naish1120	23	13	15	http://i.imgur.com/kgmlGTC.jpg;http://i.imgur.com/ThBcyBc.jpg;http://i.imgur.com/qZCcVKK.jpg;http://i.imgur.com/91DKIih.jpg;http://i.imgur.com/D5hEpB4.jpg;http://i.imgur.com/SK7sCLK.jpg	42.79.158.142	Fengyuan
https://www.ptt.cc/bbs/Beauty/M.1419567551.A.BA9.html	[帥哥] 民國郭富城	2014-12-26 12:19:08	nascency	13	6	0	http://i.imgur.com/s4S0AaZ.jpg;http://i.imgur.com/s4S0AaZ.jpg;http://i.imgur.com/khzVQvO.jpg;http://i.imgur.com/khzVQvO.jpg	140.119.120.6	Taipei
https://www.ptt.cc/bbs/Beauty/M.1419742793.A.1DF.html	[帥哥] 分享我的阿公~	2014-12-28 12:59:34	s50632413	23	11	18	http://i.imgur.com/HIQbtpJ.jpg;http://i.imgur.com/Ufu7dRU.jpg;http://i.imgur.com/cELNMaz.jpg;http://i.imgur.com/c7ThO6u.jpg;http://i.imgur.com/qQsHnsC.jpg;http://i.imgur.com/M6nikzf.jpg;http://i.imgur.com/EQZVwJh.jpg	36.236.236.4	Fengshan
https://www.ptt.cc/bbs/Beauty/M.1419921061.A.3C8.html	[帥哥] 出賣表哥	2014-12-30 14:30:59	y03928	30	12	0	http://i.imgur.com/KvbeBYO.jpg;http://i.imgur.com/JYL3E95.jpg;http://i.imgur.com/AjPGrSi.jpg	27.246.138.128	Banqiao
https://www.ptt.cc/bbs/Beauty/M.1419935225.A.CA6.html	[帥哥] 可愛帥氣兼具的籃球員 (圖多)	2014-12-30 18:27:03	yolo0616	13	10	16	http://i.imgur.com/pRmefik.jpg;http://i.imgur.com/vJxrn5p.jpg;http://i.imgur.com/RTZzoFX.jpg;http://i.imgur.com/iWubZYb.jpg;http://i.imgur.com/TgqaNwv.jpg;http://i.imgur.com/NURpVUB.jpg;http://i.imgur.com/6t7lU3Z.jpg;http://i.imgur.com/bsAUtCK.jpg;http://i.imgur.com/xo8NpCA.jpg;http://i.imgur.com/2wlFlZ1.jpg;http://i.imgur.com/kuNXDk4.jpg;http://i.imgur.com/mrg3HZ8.jpg;http://i.imgur.com/ILrDKP0.jpg;http://i.imgur.com/nTEPMBo.jpg;http://i.imgur.com/68JwaBx.jpg	61.227.153.42	Fengshan
https://www.ptt.cc/bbs/Beauty/M.1420974084.A.940.html	[帥哥] 出賣爸爸	2015-01-11 19:01:22	empty40314	23	10	7	http://i.imgur.com/wqllbwK.jpg	223.139.10.253	Taibao
https://www.ptt.cc/bbs/Beauty/M.1421218925.A.2FC.html	[帥哥] 輔大監考助教好友	2015-01-14 15:02:03	soreness	18	10	13	http://i.imgur.com/eq9iaur.jpg;http://i.imgur.com/GnKixyJ.jpg;http://i.imgur.com/jR5crO3.jpg;http://i.imgur.com/mYKKHv2.jpg;http://i.imgur.com/xV3T2hD.jpg;http://i.imgur.com/05xhAJM.jpg	211.22.135.210	Taitung
https://www.ptt.cc/bbs/Beauty/M.1421337576.A.644.html	[帥哥] 帥氣的台灣虎航空少兩枚	2015-01-15 23:59:34	a710138	6	11	6	http://i.imgur.com/JND0Ei5.jpg	180.217.157.177	Banqiao
https://www.ptt.cc/bbs/Beauty/M.1421334252.A.2AC.html	[帥哥] 出賣爺爺!!	2015-01-15 23:04:09	orangebluest	11	12	15	http://i.imgur.com/nhA7vuX.jpg	114.43.127.230	Keelung
https://www.ptt.cc/bbs/Beauty/M.1421494341.A.92F.html	[帥哥] 小李洪基	2015-01-17 19:32:19	gaminnnene	2	10	3	http://i.imgur.com/MFb3rpI.jpg;http://i.imgur.com/0NwyFk7.jpg;http://i.imgur.com/CEyPBLD.jpg	61.231.114.177	Hsinchu
https://www.ptt.cc/bbs/Beauty/M.1422450874.A.87E.html	[帥哥] 五股張東健前來挑戰	2015-01-28 21:14:26	bennyt6182	141	22	35	http://i.imgur.com/kSFcvyI.jpg;http://i.imgur.com/ZpBO4JR.jpg;http://i.imgur.com/taAKkhW.jpg;http://i.imgur.com/KR65lfp.jpg	27.245.21.61	Taoyuan City
https://www.ptt.cc/bbs/Beauty/M.1422548299.A.652.html	[帥哥] 出賣自己哥哥	2015-01-30 00:18:17	sy5023188	38	26	21	http://i.imgur.com/8fQ7xtU.jpg;http://i.imgur.com/KUFzJ4F.jpg	42.66.130.6	Taipei
https://www.ptt.cc/bbs/Beauty/M.1423126331.A.C69.html	[帥哥] 日本男模/演員   千葉雄大	2015-02-05 16:52:08	xingyun	24	14	11	http://i.imgur.com/apSEwsi.jpg;http://i.imgur.com/exULlIM.jpg;http://i.imgur.com/LhPDmKx.jpg;http://i.imgur.com/Le4UZzU.jpg;http://i.imgur.com/JTtPoAD.jpg;http://i.imgur.com/GL5T2s7.jpg;http://i.imgur.com/alqKNPV.jpg;http://i.imgur.com/253xpLx.jpg;http://i.imgur.com/m80Tovf.jpg;http://i.imgur.com/JDO8L9v.jpg;http://i.imgur.com/9z45081.jpg	223.136.88.205	Keelung
https://www.ptt.cc/bbs/Beauty/M.1423497923.A.651.html	[帥哥] 泰國男孩	2015-02-10 00:05:19	LupinArsene	6	8	8	http://i.imgur.com/VZNiipX.jpg;http://i.imgur.com/1uoRk8k.jpg;http://i.imgur.com/6kFg2BK.jpg;http://i.imgur.com/wbTwOdP.jpg;http://i.imgur.com/Anj358s.jpg;http://i.imgur.com/htmvJQa.jpg;http://i.imgur.com/LWlHTEc.jpg;http://i.imgur.com/jvNE0wK.jpg;http://i.imgur.com/tLwKh84.jpg;http://i.imgur.com/6fyoBLa.jpg;http://i.imgur.com/aMSeWnq.jpg;http://i.imgur.com/Ff1FgmJ.jpg;http://i.imgur.com/nEm3yCg.jpg;http://i.imgur.com/NGdC7O1.jpg;http://i.imgur.com/adXr3Wu.jpg;http://i.imgur.com/Wfil8YW.jpg;http://i.imgur.com/FHLkvAf.jpg;http://i.imgur.com/vPYjFrL.jpg;http://i.imgur.com/Ke3z516.jpg;http://i.imgur.com/yGuGMdq.jpg;http://i.imgur.com/viniBmh.jpg;http://i.imgur.com/jMA4rDE.jpg;http://i.imgur.com/Saj6TBk.jpg;http://i.imgur.com/H7UiGEH.jpg;http://i.imgur.com/79dhVFI.jpg;http://i.imgur.com/cnbQCPD.jpg;http://i.imgur.com/DIPexgT.jpg	115.43.9.144	Kaohsiung
https://www.ptt.cc/bbs/Beauty/M.1423896739.A.95B.html	[帥哥] 挑戰今日最帥	2015-02-14 14:52:16	allan1686611	13	13	20	http://i.imgur.com/dDmFvJQ.jpg;http://i.imgur.com/rpomVw0.jpg;http://i.imgur.com/CmgskyZ.jpg;http://i.imgur.com/UBGuPyD.jpg;http://i.imgur.com/RTRjrk7.jpg;http://i.imgur.com/XW6z1vV.jpg	27.241.15.139	Tainan
https://www.ptt.cc/bbs/Beauty/M.1424016138.A.5FE.html	[帥哥] 暖男歐巴	2015-02-16 00:02:15	zzzeee	20	10	6	http://i.imgur.com/dCr3Bel.jpg;http://i.imgur.com/QmSUXvA.jpg;http://i.imgur.com/ZWtmDW2.jpg;http://i.imgur.com/aUZIdsX.jpg;http://i.imgur.com/mFTpSbK.jpg	49.216.161.90	Banqiao
https://www.ptt.cc/bbs/Beauty/M.1424052694.A.EFA.html	[帥哥] Instagram粉絲四千長腿男孩	2015-02-16 10:11:32	kellyan1215	21	11	14	http://i.imgur.com/T8Zhdjw.jpg;http://i.imgur.com/zD4yGf8.jpg;http://i.imgur.com/6Vl3ueW.jpg;http://i.imgur.com/K4HIbz7.jpg;http://i.imgur.com/noadADy.jpg;http://i.imgur.com/2g20t3G.jpg;http://i.imgur.com/UcJpHbN.jpg;http://i.imgur.com/OiJD5Go.jpg	111.70.133.121	Taipei
https://www.ptt.cc/bbs/Beauty/M.1424100309.A.628.html	[帥哥] 唇紅齒白 (圖多)	2015-02-16 23:25:07	yolo0616	7	6	14	http://i.imgur.com/VJtqWiW.jpg;http://i.imgur.com/bJdcTTQ.jpg;http://i.imgur.com/KEcnSXA.jpg;http://i.imgur.com/uKOGSVi.jpg;http://i.imgur.com/PfYvMk7.jpg;http://i.imgur.com/MYJioWr.jpg;http://i.imgur.com/1VcyNwu.jpg;http://i.imgur.com/66Ewbye.jpg;http://i.imgur.com/HSP3qIh.jpg;http://i.imgur.com/EzeJ4Bm.jpg;http://i.imgur.com/CiWt02Z.jpg;http://i.imgur.com/BQDiQKR.jpg;http://i.imgur.com/EfVkVM4.jpg;http://i.imgur.com/932UU2f.jpg;http://i.imgur.com/jjS2Nm9.jpg;http://i.imgur.com/FV7mJTv.jpg;http://i.imgur.com/dpb2KD1.jpg;http://i.imgur.com/JAUINMA.jpg;http://i.imgur.com/cpB3gPQ.jpg;http://i.imgur.com/c6COFIC.jpg;http://i.imgur.com/Q7dbuAZ.jpg;http://i.imgur.com/yttHBA8.jpg	61.70.52.245	Tainan
https://www.ptt.cc/bbs/Beauty/M.1424968862.A.829.html	[帥哥] 屏科周渝民	2015-02-27 00:41:00	qscft1120	153	35	11	http://i.imgur.com/plmBrHj.jpg;http://i.imgur.com/qEvkrzc.jpg;http://i.imgur.com/zKgqvs6.jpg;http://i.imgur.com/1TKxulS.jpg;http://i.imgur.com/yQDb7ol.jpg;http://i.imgur.com/d1nTAi7.jpg;http://i.imgur.com/9E5xNg4.jpg	220.132.184.180	Taichung
https://www.ptt.cc/bbs/Beauty/M.1425131454.A.9B4.html	[帥哥] 中山醫史巴克	2015-02-28 21:50:51	iamnotanape	16	8	10	http://i.imgur.com/wbYTerA.jpg;http://i.imgur.com/omd6uXW.jpg	61.224.92.245	Taichung
https://www.ptt.cc/bbs/Beauty/M.1425233140.A.0A3.html	[帥哥] 中央小帥哥	2015-03-02 02:05:38	lynnieana	17	8	3	http://i.imgur.com/AhbeTBv.jpg;http://i.imgur.com/g5lhN9c.jpg	111.70.95.196	Taichung
https://www.ptt.cc/bbs/Beauty/M.1425312099.A.EEE.html	[帥哥] 菜鳥警察	2015-03-03 00:00:24	black1011	13	8	1	http://i.imgur.com/YHQxHzc.jpg;http://i.imgur.com/J8mFeCH.jpg;http://i.imgur.com/bLq8a3p.jpg;http://i.imgur.com/YhWzYFF.jpg;http://i.imgur.com/tIWznRY.jpg;http://i.imgur.com/sMkJO5q.jpg;http://i.imgur.com/4pr6swo.jpg;http://i.imgur.com/5dp4PRH.jpg	122.121.52.101	Tainan
https://www.ptt.cc/bbs/Beauty/M.1425390550.A.E22.html	[帥哥] 陽光可愛	2015-03-03 21:49:07	yolo0616	3	8	1	http://i.imgur.com/5ORTAMi.jpg;http://i.imgur.com/TAVZxrl.jpg;http://i.imgur.com/wL1cz8r.jpg;http://i.imgur.com/czO8IOD.jpg;http://i.imgur.com/uUXJU2T.jpg;http://i.imgur.com/7snz4Rn.jpg;http://i.imgur.com/SdTmcrp.jpg	61.227.123.144	Fengshan
https://www.ptt.cc/bbs/Beauty/M.1425484565.A.924.html	[帥哥] 黃河	2015-03-04 23:56:02	Sunny994	60	15	6	http://i.imgur.com/JUNzp7R.jpg;http://i.imgur.com/JO6qgYf.jpg;http://i.imgur.com/5JCUax5.jpg;http://i.imgur.com/R8CYGro.jpg;http://i.imgur.com/ogWExj3.jpg;http://i.imgur.com/cFD1LdP.jpg;http://i.imgur.com/5I6fz45.jpg	114.32.141.46	Banqiao
https://www.ptt.cc/bbs/Beauty/M.1425617431.A.F18.html	[帥哥] 這樣子算帥嗎?	2015-03-06 12:50:29	kuanfu	11	9	4	http://i.imgur.com/ZTisv6s.jpg	36.236.151.177	Kaohsiung
https://www.ptt.cc/bbs/Beauty/M.1425819133.A.C72.html	[帥哥]183	2015-03-08 20:52:10	pppacy	5	12	9	http://i.imgur.com/RVaazSf.jpg;http://i.imgur.com/7QF7upl.jpg;http://i.imgur.com/BxsZPGc.jpg;http://i.imgur.com/dzH1FuM.jpg	223.139.86.35	Tainan
https://www.ptt.cc/bbs/Beauty/M.1425842238.A.06A.html	[帥哥] 出賣老爸	2015-03-09 03:17:16	citizoe	195	15	3	http://i.imgur.com/h9QcvY0.jpg;http://i.imgur.com/qgwtKHD.jpg;http://i.imgur.com/3DFkN06.jpg;http://i.imgur.com/SodnBUP.jpg;http://i.imgur.com/29AmEbH.jpg;http://i.imgur.com/wXReSzk.jpg;http://i.imgur.com/tJUmmnL.jpg	120.110.94.252	Fengyuan
https://www.ptt.cc/bbs/Beauty/M.1425925895.A.7CA.html	Re: [帥哥] 出賣老爸	2015-03-10 02:31:33	citizoe	168	11	4	http://i.imgur.com/3DFkN06.jpg;http://i.imgur.com/SodnBUP.jpg;http://i.imgur.com/0TTmOC6.jpg;http://i.imgur.com/55vtGa0.jpg;http://i.imgur.com/wXReSzk.jpg;http://i.imgur.com/qgwtKHD.jpg;http://i.imgur.com/h9QcvY0.jpg;http://i.imgur.com/29AmEbH.jpg;http://i.imgur.com/OjiPyzv.jpg;http://i.imgur.com/5rbvQFD.jpg;http://i.imgur.com/Qc3X6rJ.jpg;http://i.imgur.com/Vp1wz6R.jpg;http://i.imgur.com/VZh0wDJ.jpg;http://i.imgur.com/LdqowEP.jpg;http://i.imgur.com/4R0h9hz.jpg;http://i.imgur.com/sHej0eI.jpg;http://i.imgur.com/HYjy26R.jpg;http://i.imgur.com/Q0GDMKf.jpg;http://i.imgur.com/95tOsoB.jpg	120.110.94.252	Fengyuan
https://www.ptt.cc/bbs/Beauty/M.1427381973.A.7FC.html	[帥哥] 出賣弟弟!	2015-03-26 22:59:30	teow113554	53	16	14	http://i.imgur.com/RGGHerv.jpg;http://i.imgur.com/JcM9dmB.jpg;http://i.imgur.com/MHM0NdW.jpg;http://i.imgur.com/qCfLf6R.jpg;http://i.imgur.com/r8Y0Alz.jpg;http://i.imgur.com/CqzMiWp.jpg;http://i.imgur.com/8VOIIkF.jpg;http://i.imgur.com/9zJaRG7.jpg;http://i.imgur.com/YQf6DT7.jpg;http://i.imgur.com/YB6XKHg.jpg;http://i.imgur.com/055F8XG.jpg	39.12.154.246	Fengshan
https://www.ptt.cc/bbs/Beauty/M.1427537408.A.D34.html	[帥哥] 帥哥	2015-03-28 18:10:05	wzer	5	11	0	http://i.imgur.com/gZyZA4D.jpg;http://i.imgur.com/okSiSBb.jpg;http://i.imgur.com/DB4kM62.jpg;http://i.imgur.com/jHmn2XJ.jpg;http://i.imgur.com/6tQm4zg.jpg;http://i.imgur.com/Fn7uIeS.jpg;http://i.imgur.com/e4ovgAn.jpg;http://i.imgur.com/p3p6krC.jpg;http://i.imgur.com/jbkaNXr.jpg;http://i.imgur.com/p2RabCR.jpg;http://i.imgur.com/dIznjwS.jpg;http://i.imgur.com/ibgSwOV.jpg	123.110.166.182	Hsinchu
https://www.ptt.cc/bbs/Beauty/M.1427552837.A.C0B.html	[帥哥] 出賣我哥(新增家人)	2015-03-28 22:27:15	kyra0714	117	33	3	http://i.imgur.com/qxH2b3J.jpg;http://i.imgur.com/eo7imxH.jpg;http://i.imgur.com/qA0MtJ6.jpg;http://i.imgur.com/Hhyf1YM.jpg;http://i.imgur.com/xk1GyLg.jpg;http://i.imgur.com/5CBd7gs.jpg;http://i.imgur.com/VH2DCQ2.jpg;http://i.imgur.com/91Z3WN7.jpg;http://i.imgur.com/RqBXa0L.jpg	36.234.164.128	Taichung
https://www.ptt.cc/bbs/Beauty/M.1428077174.A.BFB.html	[帥哥] 這位麻豆是誰啊？	2015-04-04 00:06:12	abby841023	2	5	1	http://i.imgur.com/Acmyc92.jpg	101.11.117.6	Banqiao
https://www.ptt.cc/bbs/Beauty/M.1429021176.A.70A.html	[帥哥] 白馬王子	2015-04-14 22:19:33	lydiahsu0712	1	12	6	http://i.imgur.com/HPgzXyp.jpg	49.216.15.241	Tainan
https://www.ptt.cc/bbs/Beauty/M.1429114299.A.A83.html	[帥哥] 出!賣!同學	2015-04-16 00:11:36	cl1997	47	21	20	http://i.imgur.com/eiTv8H8.jpg;http://i.imgur.com/iEuBQCZ.jpg;http://i.imgur.com/PAuQwLp.jpg;http://i.imgur.com/Hfn7vzv.jpg;http://i.imgur.com/QZea8c9.jpg;http://i.imgur.com/ygamFkU.jpg;http://i.imgur.com/zi5S73F.jpg;http://i.imgur.com/7ZIoCDy.jpg;http://i.imgur.com/bITKEA4.jpg	172.56.20.49	Cumberland
https://www.ptt.cc/bbs/Beauty/M.1429271360.A.B63.html	[帥哥] 來逮捕我吧~	2015-04-17 19:49:17	taco85216	17	4	1	http://i.imgur.com/IQOEswX.jpg	101.14.23.49	Chang-hua
https://www.ptt.cc/bbs/Beauty/M.1429289038.A.BF7.html	Re: [帥哥] 台北家樂福的品田牧場	2015-04-18 00:43:55	Pink0608	3	2	2	http://i.imgur.com/vzlD6Ii.jpg;http://i.imgur.com/JZ1APrU.jpg;http://i.imgur.com/XYvMu6h.jpg	114.32.141.46	Banqiao
https://www.ptt.cc/bbs/Beauty/M.1429373612.A.CC0.html	[帥哥] R&D的吧台手+老闆	2015-04-19 00:13:30	fishgofly	4	12	5	http://i.imgur.com/EKxvOoG.jpg	27.240.128.155	Daxi
https://www.ptt.cc/bbs/Beauty/M.1429594837.A.4E9.html	[帥哥] 出賣老師	2015-04-21 13:40:33	YPS	37	13	2	http://i.imgur.com/hgTT59c.jpg;http://i.imgur.com/2TJ3Jte.jpg;http://i.imgur.com/advqAfH.jpg;http://i.imgur.com/jRPzFcX.jpg;http://i.imgur.com/DSa71yz.jpg	163.29.253.151	Keelung
https://www.ptt.cc/bbs/Beauty/M.1429681291.A.461.html	[帥哥] 化學老師	2015-04-22 13:41:28	vivi96	59	6	2	http://i.imgur.com/WFTuoHS.jpg;http://i.imgur.com/jlyhzjo.jpg;http://i.imgur.com/LOqowvp.jpg;http://i.imgur.com/l3RH9bW.jpg	223.143.38.124	Kaohsiung
https://www.ptt.cc/bbs/Beauty/M.1429810539.A.E22.html	[帥哥] 我同學 突然發現帥帥der	2015-04-24 01:35:37	innah	22	28	23	http://i.imgur.com/0dRSCjb.jpg;http://i.imgur.com/xFw7FHA.jpg;http://i.imgur.com/qPE5Ik0.jpg	42.64.208.226	Taipei
https://www.ptt.cc/bbs/Beauty/M.1429804360.A.38A.html	[帥哥] 高富帥的同學 叫我情何以堪	2015-04-23 23:52:38	emy33412	112	30	89	http://i.imgur.com/yT75XOf.jpg;http://i.imgur.com/MhpZzqj.jpg;http://i.imgur.com/3KQl8mP.jpg;http://i.imgur.com/IlR7Nl9.jpg;http://i.imgur.com/LO0TMvd.jpg;http://i.imgur.com/FoGrk6w.jpg;http://i.imgur.com/3B0BlTf.jpg	114.43.195.49	Zhubei
https://www.ptt.cc/bbs/Beauty/M.1429889294.A.F21.html	Re: [帥哥] 出賣學長～～～和他姐	2015-04-24 23:28:12	yangtao1130	80	17	5	http://i.imgur.com/sLTap2G.jpg;http://i.imgur.com/6MBJUHn.jpg;http://i.imgur.com/lVEuJ6r.jpg;http://i.imgur.com/AlasdaN.jpg;http://i.imgur.com/7XXnnvT.jpg	61.230.8.70	Taipei
https://www.ptt.cc/bbs/Beauty/M.1429972003.A.4EA.html	[帥哥] 出賣 前世情人	2015-04-25 22:26:40	vily1001	13	10	22	http://i.imgur.com/2d1EeuK.jpg;http://i.imgur.com/A98tLNL.jpg;http://i.imgur.com/e4fMLn6.jpg;http://i.imgur.com/AIrlYxI.jpg;http://i.imgur.com/YPgaf7H.jpg;http://i.imgur.com/tkY7mIK.jpg	118.171.127.35	Yujing
https://www.ptt.cc/bbs/Beauty/M.1430642749.A.E64.html	[帥哥] 首po 獻給我表哥	2015-05-03 16:45:46	asdfptt	20	11	10	http://i.imgur.com/X13Sees.jpg;http://i.imgur.com/y420sgS.jpg;http://i.imgur.com/N0U5W65.jpg;http://i.imgur.com/BvijpCh.jpg;http://i.imgur.com/C7az0u2.jpg;http://i.imgur.com/vu1dnG4.jpg	36.230.152.224	Taipei
https://www.ptt.cc/bbs/Beauty/M.1430671463.A.32B.html	[帥哥] 挑戰今日最帥	2015-05-04 00:44:18	imyt1213	48	16	12	http://i.imgur.com/zMik8WA.jpg;http://i.imgur.com/aijBp9G.jpg;http://i.imgur.com/XgIyFSC.jpg;http://i.imgur.com/O4EQtxo.jpg	111.185.80.125	Taipei
https://www.ptt.cc/bbs/Beauty/M.1430751468.A.852.html	[帥哥] 40年前的帥哥爺爺	2015-05-04 22:57:45	catperson628	17	10	6	http://i.imgur.com/XN64mEh.jpg	118.171.215.153	Fengshan
https://www.ptt.cc/bbs/Beauty/M.1430895909.A.465.html	[帥哥] 這一家基因太犯規	2015-05-06 15:04:42	a881818	134	26	9	http://i.imgur.com/h3oecQj.jpg;http://i.imgur.com/OodIApB.jpg;http://i.imgur.com/sytVffW.jpg;http://i.imgur.com/4vwfOuU.jpg;http://i.imgur.com/6Ua6HE1.jpg;http://i.imgur.com/yYqw3j3.jpg;http://i.imgur.com/aXpuKCl.jpg;http://i.imgur.com/EPyAPf1.jpg;http://i.imgur.com/FUwVhPC.jpg	114.35.204.232	Tainan
https://www.ptt.cc/bbs/Beauty/M.1430922851.A.96D.html	[帥哥] 賣同學	2015-05-06 22:34:09	chiangpyisme	27	22	15	http://i.imgur.com/gOwvUZf.jpg;http://i.imgur.com/T8zCb32.jpg;http://i.imgur.com/4gh820n.jpg;http://i.imgur.com/FHKaRiu.jpg;http://i.imgur.com/Wb6Tz8z.jpg;http://i.imgur.com/m4ObBe0.jpg;http://i.imgur.com/SdNeak9.jpg;http://i.imgur.com/d3jS0OL.jpg;http://i.imgur.com/SuXjANI.jpg;http://i.imgur.com/hgF7gQk.jpg;http://i.imgur.com/TgP4MCN.jpg;http://i.imgur.com/3t8Qsrs.jpg;http://i.imgur.com/a19xT1u.jpg;http://i.imgur.com/mDKsi3n.jpg	111.82.217.134	Fengyuan
https://www.ptt.cc/bbs/Beauty/M.1431095579.A.D8F.html	[帥哥]帥氣空少	2015-05-08 22:32:57	yolo0616	76	17	11	http://i.imgur.com/b5ZfxH4.jpg;http://i.imgur.com/9Q2DNwj.jpg;http://i.imgur.com/ovgBtle.jpg;http://i.imgur.com/2AVBR7g.jpg;http://i.imgur.com/RquIMox.jpg;http://i.imgur.com/zf5WjUO.jpg	58.115.168.109	Tainan
https://www.ptt.cc/bbs/Beauty/M.1431608351.A.1A1.html	[帥哥] 亞都麗緻的小鮮肉帥哥	2015-05-14 20:59:08	randy10329	4	6	9	http://i.imgur.com/qGxUOGH.jpg;http://i.imgur.com/3Mtq9QH.jpg;http://i.imgur.com/3FZhxUJ.jpg	223.136.223.71	Yilan
https://www.ptt.cc/bbs/Beauty/M.1432043577.A.546.html	[帥哥] 出賣朋友…多看2眼的帥哥←_←	2015-05-19 21:52:55	a09162002200	16	19	11	http://i.imgur.com/XzhIskW.jpg;http://i.imgur.com/hERzc2E.jpg;http://i.imgur.com/nh1CTIl.jpg	27.244.6.105	Kaohsiung
https://www.ptt.cc/bbs/Beauty/M.1432112103.A.9D5.html	[帥哥] 台南趙又廷	2015-05-20 17:20:00	perry1831	41	15	23	http://i.imgur.com/9Tw33rK.jpg;http://i.imgur.com/i0bdzoC.jpg	27.246.144.31	Kaohsiung
https://www.ptt.cc/bbs/Beauty/M.1432374291.A.7F9.html	[帥哥] 吵架出賣男友一下	2015-05-23 17:44:48	usagi566	180	36	32	http://i.imgur.com/K5tdmBA.jpg;http://i.imgur.com/NFgT9uB.jpg;http://i.imgur.com/exNkTGT.jpg;http://i.imgur.com/BK2ofP6.jpg;http://i.imgur.com/FPjjydR.jpg;http://i.imgur.com/wtOah1s.jpg;http://i.imgur.com/1kmBc2K.jpg;http://i.imgur.com/SeRZEu2.jpg;http://i.imgur.com/FFvnKTh.jpg;http://i.imgur.com/HaRYC1N.jpg;http://i.imgur.com/u10MsFY.jpg;http://i.imgur.com/vYWlRL1.jpg;http://i.imgur.com/R0Xvw03.jpg;http://i.imgur.com/n6DUplm.jpg	120.117.16.157	Taipei
https://www.ptt.cc/bbs/Beauty/M.1432565553.A.5BC.html	Re: [帥哥] 出賣爸爸	2015-05-25 22:52:31	mitmeeteric	5	9	3	http://i.imgur.com/tEzSK34.jpg;http://i.imgur.com/wqllbwK.jpg;http://i.imgur.com/t3dXhzy.jpg;http://i.imgur.com/hRVmsg5.jpg;http://i.imgur.com/LVmfAjC.jpg	118.170.112.198	Taipei
https://www.ptt.cc/bbs/Beauty/M.1432578101.A.DC0.html	[帥哥] 出賣小學弟（補圖）	2015-05-26 02:21:38	openfor75	27	13	15	http://i.imgur.com/Wm8Q6JC.jpg;http://i.imgur.com/Izpb7I3.jpg;http://i.imgur.com/oSC7WpJ.jpg;http://i.imgur.com/VZb6IBY.jpg;http://i.imgur.com/UALb4du.jpg;http://i.imgur.com/ckUkluh.jpg	39.10.191.229	Xinying
https://www.ptt.cc/bbs/Beauty/M.1432706072.A.D02.html	[帥哥] 出賣可愛朋友	2015-05-27 13:54:30	ilovehong	80	12	2	http://i.imgur.com/SLDt1td.jpg;http://i.imgur.com/ujeROLy.jpg;http://i.imgur.com/IvSEYzM.jpg;http://i.imgur.com/rtz7GDy.jpg;http://i.imgur.com/79bbJ6S.jpg;http://i.imgur.com/pETN0f5.jpg;http://i.imgur.com/xjECEVQ.jpg;http://i.imgur.com/YeAq0AN.jpg	42.79.195.248	Taibao
https://www.ptt.cc/bbs/Beauty/M.1432992301.A.13D.html	[帥哥] 學校的嫩肉學弟	2015-05-30 21:24:58	kagome820325	17	8	13	http://i.imgur.com/vHzAuiq.jpg;http://i.imgur.com/271b73I.jpg;http://i.imgur.com/CYW9aaf.jpg;http://i.imgur.com/dC8L1oC.jpg;http://i.imgur.com/c0OqHIM.jpg;http://i.imgur.com/DFpxm6P.jpg;http://i.imgur.com/QAVWuHE.jpg	42.70.221.192	Taipei
https://www.ptt.cc/bbs/Beauty/M.1433170063.A.392.html	[帥哥] 單眼皮	2015-06-01 22:47:40	yolo0616	13	14	3	http://i.imgur.com/AqVTgNy.jpg;http://i.imgur.com/EpCpvZc.jpg;http://i.imgur.com/DStfwbJ.jpg;http://i.imgur.com/5AyzUJ9.jpg;http://i.imgur.com/mETi9sa.jpg;http://i.imgur.com/qzpVllR.jpg;http://i.imgur.com/veJtP5s.jpg;http://i.imgur.com/JbWxi0A.jpg;http://i.imgur.com/iLW0V9S.jpg;http://i.imgur.com/R9tYOqv.jpg;http://i.imgur.com/GhjrVQZ.jpg;http://i.imgur.com/fsZxi6b.jpg;http://i.imgur.com/u9KeinJ.jpg;http://i.imgur.com/KBNgkAY.jpg	1.174.244.74	Lugu
https://www.ptt.cc/bbs/Beauty/M.1433225891.A.B7F.html	[帥哥] 我的帥哥學長，神似陳俊秀，迷倒一票少女	2015-06-02 14:18:08	dai91611	21	15	25	http://i.imgur.com/8Ka1Cug.jpg;http://i.imgur.com/Q6lqUmy.jpg;http://i.imgur.com/zXgRZua.gif	140.112.4.190	Banqiao
https://www.ptt.cc/bbs/Beauty/M.1433290856.A.2E1.html	[帥哥] 初戀那件小事小莫學長	2015-06-03 08:20:54	yolo0616	12	8	3	http://i.imgur.com/NjcaGDU.jpg;http://i.imgur.com/Nq3bfsL.jpg;http://i.imgur.com/v24ubth.jpg;http://i.imgur.com/52nY44u.jpg;http://i.imgur.com/0hVVg8I.jpg;http://i.imgur.com/wMcHP4m.jpg;http://i.imgur.com/Xh2bnnT.jpg;http://i.imgur.com/Cv1QO75.jpg;http://i.imgur.com/C1xZj8H.jpg;http://i.imgur.com/wVokxak.jpg;http://i.imgur.com/6oDhPRl.jpg;http://i.imgur.com/Y0dARAw.jpg;http://i.imgur.com/y4NnrpU.jpg;http://i.imgur.com/RlbSBYr.jpg;http://i.imgur.com/vLPbzuF.jpg;http://i.imgur.com/cGG7eil.jpg;http://i.imgur.com/S6BUE5I.jpg;http://i.imgur.com/d8JIOXL.jpg;http://i.imgur.com/LEs2jM0.jpg;http://i.imgur.com/zmEzVB1.jpg	122.121.47.11	Fengshan
https://www.ptt.cc/bbs/Beauty/M.1433303508.A.94D.html	[帥哥] 萬華廟會哥	2015-06-03 11:51:45	evcafe	19	9	3	http://i.imgur.com/1ObXHSP.jpg;http://i.imgur.com/47i8ibf.jpg;http://i.imgur.com/QiUeOr9.jpg;http://i.imgur.com/JGkxFjJ.jpg	39.10.6.176	Daxi
https://www.ptt.cc/bbs/Beauty/M.1433422454.A.B52.html	[帥哥] 有點紅的大男孩們	2015-06-04 20:54:12	juliai	23	8	7	http://i.imgur.com/bRtn9Zw.jpg;http://i.imgur.com/fayiTHo.jpg;http://i.imgur.com/efIN3BK.jpg;http://i.imgur.com/CEPwcLW.jpg;http://i.imgur.com/ilfPFmI.jpg;http://i.imgur.com/byGI8if.jpg;http://i.imgur.com/HwylKsd.jpg;http://i.imgur.com/4DUo75s.jpg;http://i.imgur.com/ljn2mpN.jpg;http://i.imgur.com/TQKTK1T.jpg	72.13.87.211	San Jose
https://www.ptt.cc/bbs/Beauty/M.1433454127.A.735.html	[帥哥] 我的死黨	2015-06-05 05:42:04	AiYouWoDeMa	29	16	30	http://i.imgur.com/pRFnCUU.jpg;http://i.imgur.com/sNQFkUA.jpg;http://i.imgur.com/ZV9HyLf.jpg;http://i.imgur.com/JTlkDCG.jpg;http://i.imgur.com/HiWnC2H.jpg;http://i.imgur.com/eYB3p8g.jpg;http://i.imgur.com/NOua0ya.jpg;http://i.imgur.com/3J9v5KH.jpg	24.161.126.110	Poughkeepsie
https://www.ptt.cc/bbs/Beauty/M.1433635964.A.610.html	[帥哥] 型帥店員	2015-06-07 08:12:41	kennithiks	9	11	6	http://i.imgur.com/0takRYz.jpg;http://i.imgur.com/O2I3EyP.jpg	223.136.244.48	Hualian
https://www.ptt.cc/bbs/Beauty/M.1433850220.A.FA4.html	[帥哥] 東海陽光男	2015-06-09 19:43:30	lbj30145	22	9	15	http://i.imgur.com/hnQXyl4.jpg;http://i.imgur.com/lOiV3ts.jpg;http://i.imgur.com/oPq2Hyi.jpg;http://i.imgur.com/7hhAGA4.jpg	114.43.244.119	Banqiao
https://www.ptt.cc/bbs/Beauty/M.1433840339.A.097.html	[帥哥] 出賣朋友	2015-06-09 16:58:56	Kevin51157	20	12	16	http://i.imgur.com/zYCYZaJ.jpg;http://i.imgur.com/1SIii24.jpg;http://i.imgur.com/iTXxZwW.jpg;http://i.imgur.com/KydIPpH.jpg;http://i.imgur.com/n6LSF7f.jpg	27.240.25.23	Zhubei
https://www.ptt.cc/bbs/Beauty/M.1433967932.A.8A4.html	[帥哥] 出賣 蘆洲黃昏市場鮮肉王子	2015-06-11 04:25:29	kisbeerin	31	12	17	http://i.imgur.com/CHTZ3VK.jpg;http://i.imgur.com/CdAnvkZ.jpg;http://i.imgur.com/StoYtnN.jpg;http://i.imgur.com/e3A8SuX.jpg;http://i.imgur.com/x7YEaWx.jpg;http://i.imgur.com/ilUTB56.jpg;http://i.imgur.com/CbIL5nA.jpg;http://i.imgur.com/mkxBclR.jpg	219.70.144.74	Banqiao
https://www.ptt.cc/bbs/Beauty/M.1434477232.A.898.html	[帥哥] 泰國帥哥(?	2015-06-17 01:53:49	yangcain	3	8	8	http://i.imgur.com/aQONcMP.jpg;http://i.imgur.com/dmp10YL.jpg	110.27.7.110	Taipei
https://www.ptt.cc/bbs/Beauty/M.1434612032.A.9C0.html	[帥哥] 光通最帥	2015-06-18 15:20:29	lf159510c	3	8	8	http://i.imgur.com/Pp8FG5I.jpg;http://i.imgur.com/CTh6odi.jpg	120.108.94.148	Zhongxing New Village
https://www.ptt.cc/bbs/Beauty/M.1434626037.A.3A2.html	[帥哥] 田徑帥哥陳傑	2015-06-18 19:13:54	nunipy	29	12	9	http://i.imgur.com/aws2pOu.jpg;http://i.imgur.com/wFpU7F7.jpg;http://i.imgur.com/WMgKyU6.jpg;http://i.imgur.com/BVMU4Z1.jpg	218.35.189.22	Taipei
https://www.ptt.cc/bbs/Beauty/M.1435504392.A.278.html	[帥哥] 網球王子真人版	2015-06-28 23:13:09	chichi1223	14	8	17	http://i.imgur.com/Z0MruLI.jpg;http://i.imgur.com/I26LwUW.jpg;http://i.imgur.com/d3xlKOO.jpg	220.136.241.182	Taoyuan City
https://www.ptt.cc/bbs/Beauty/M.1435495935.A.7A0.html	[帥哥] 出賣好友～愛貓型男！	2015-06-28 20:52:13	anitakiller	29	10	2	http://i.imgur.com/oGRLKwE.jpg;http://i.imgur.com/hOW3Tnz.jpg;http://i.imgur.com/zNit6pp.jpg;http://i.imgur.com/RKvwE2L.jpg;http://i.imgur.com/lFfuRbP.jpg;http://i.imgur.com/0BnKuqs.jpg	39.8.25.112	Daxi
https://www.ptt.cc/bbs/Beauty/M.1435508202.A.4C7.html	[帥哥] 平頭帥哥	2015-06-29 00:16:40	yolo0616	16	8	7	http://i.imgur.com/Bi3Jr0j.jpg;http://i.imgur.com/gmskp5P.jpg;http://i.imgur.com/rPnOqA2.jpg;http://i.imgur.com/trEFX8c.jpg;http://i.imgur.com/Dm3lzOb.jpg;http://i.imgur.com/M08iKgw.jpg;http://i.imgur.com/gKaJ60C.jpg;http://i.imgur.com/Wa3yq6z.jpg;http://i.imgur.com/ECVSkcV.jpg;http://i.imgur.com/OHfIavh.jpg;http://i.imgur.com/FVhRZR8.jpg;http://i.imgur.com/QQj00vX.jpg;http://i.imgur.com/GStsjtk.jpg;http://i.imgur.com/eoG0KC4.jpg;http://i.imgur.com/v4wDeFb.jpg;http://i.imgur.com/OsmWeGI.jpg;http://i.imgur.com/kR9RKmy.jpg;http://i.imgur.com/4tj7QIK.jpg;http://i.imgur.com/rpHWAYI.jpg;http://i.imgur.com/XOpTHhD.jpg	111.184.183.199	Kaohsiung
https://www.ptt.cc/bbs/Beauty/M.1435842626.A.F00.html	[帥哥] 義大啦啦隊長Anu	2015-07-02 21:10:24	jun33	89	12	4	http://i.imgur.com/zcZ7G3v.jpg;http://i.imgur.com/lhQfMej.jpg;http://i.imgur.com/kBdY4zz.jpg;http://i.imgur.com/FFnunye.jpg;http://i.imgur.com/LpJS6tV.jpg;http://i.imgur.com/BsBJmJj.jpg;http://i.imgur.com/4KPw7x3.jpg;http://i.imgur.com/p8LAmjm.jpg;http://i.imgur.com/jcq6f4s.jpg;http://i.imgur.com/Nes8B8F.jpg;http://i.imgur.com/tja1VR9.jpg;http://i.imgur.com/cIXOMoc.jpg;http://i.imgur.com/PMQ9RPp.jpg;http://i.imgur.com/fIFBd4N.jpg;http://i.imgur.com/Ry6F0ns.jpg;http://i.imgur.com/yobS3n6.jpg;http://i.imgur.com/Ykv4zFI.jpg;http://i.imgur.com/L329gfl.jpg;http://i.imgur.com/JVxOE0o.jpg;http://i.imgur.com/qGt7RI8.jpg;http://i.imgur.com/7EiYA8V.jpg;http://i.imgur.com/gMwo0kv.jpg;http://i.imgur.com/uokGH1b.jpg;http://i.imgur.com/rGU2D5L.jpg;http://i.imgur.com/g2O9L4Z.jpg;http://i.imgur.com/3U7m7Qx.jpg;http://i.imgur.com/GME6Izu.jpg;http://i.imgur.com/zveGoD5.jpg;http://i.imgur.com/B2rkXwW.jpg;http://i.imgur.com/2H2tTGJ.jpg	1.174.182.171	Kaohsiung
https://www.ptt.cc/bbs/Beauty/M.1436511618.A.64B.html	[帥哥] 朋友遇到的捷運帥哥	2015-07-10 15:00:15	blackbanana	26	11	17	http://i.imgur.com/oLiAMEl.jpg	27.246.214.195	Taoyuan City
https://www.ptt.cc/bbs/Beauty/M.1437215837.A.9CF.html	[帥哥] 今日最帥	2015-07-18 18:37:14	forestsea722	12	5	5	http://i.imgur.com/LKYY6Rs.jpg;http://i.imgur.com/qfvm64A.jpg;http://i.imgur.com/VKjk7Jp.jpg	223.138.146.193	Tainan
https://www.ptt.cc/bbs/Beauty/M.1437494531.A.F90.html	[帥哥] 出賣學弟	2015-07-22 00:02:09	naturec	12	12	8	http://i.imgur.com/KQfhwF3.jpg;http://i.imgur.com/YLyf487.jpg;http://i.imgur.com/97UU4Vn.jpg;http://i.imgur.com/VbRZfJD.jpg	123.192.145.212	Taipei
https://www.ptt.cc/bbs/Beauty/M.1437466062.A.2B9.html	[帥哥] 外包的帥大叔	2015-07-21 16:07:34	leon36272835	88	22	16	http://i.imgur.com/yqLsqao.jpg;http://i.imgur.com/hLKpSQv.jpg;http://i.imgur.com/rYVHSoL.jpg;http://i.imgur.com/ByU3wL9.jpg;http://i.imgur.com/tAzIif4.jpg;http://i.imgur.com/77fr7Fu.jpg;http://i.imgur.com/StHar1a.jpg;http://i.imgur.com/b9wtB97.jpg	111.82.95.54	Douliu
https://www.ptt.cc/bbs/Beauty/M.1437811022.A.262.html	[帥哥] 男人中的真正極品	2015-07-25 15:56:59	JimmyChang23	38	19	7	http://i.imgur.com/SIY9YwS.jpg;http://i.imgur.com/OLCOLPf.jpg;http://i.imgur.com/naIzopx.jpg;http://i.imgur.com/bc1vCoY.jpg;http://i.imgur.com/EMTRk5T.jpg	39.12.32.245	Banqiao
https://www.ptt.cc/bbs/Beauty/M.1438083788.A.546.html	[帥哥] 可愛陽光男孩	2015-07-28 19:43:05	yolo0616	2	19	8	http://i.imgur.com/HDHrxyW.jpg;http://i.imgur.com/CvVv36C.jpg;http://i.imgur.com/tWcMaB3.jpg;http://i.imgur.com/qp8CPvY.jpg;http://i.imgur.com/o7hnf46.jpg;http://i.imgur.com/ajySFaI.jpg;http://i.imgur.com/BKXiOU7.jpg;http://i.imgur.com/xBvNsNs.jpg	58.115.172.222	Tainan
https://www.ptt.cc/bbs/Beauty/M.1438191695.A.FF8.html	[帥哥] 小池徹平(￣▽￣)	2015-07-30 01:41:32	stars76490	25	10	5	http://i.imgur.com/SN3GWCB.jpg;http://i.imgur.com/kTmDfP9.jpg;http://i.imgur.com/MxNg2Nc.jpg;http://i.imgur.com/qUIcAWY.jpg;http://i.imgur.com/t7ru1Qr.jpg;http://i.imgur.com/ULFTOs7.jpg;http://i.imgur.com/rSM1skA.jpg;http://i.imgur.com/A2QEYVG.jpg;http://i.imgur.com/ajmW9bx.jpg;http://i.imgur.com/jv991jJ.jpg;http://i.imgur.com/LhNg8Lr.jpg	1.163.155.111	Banqiao
https://www.ptt.cc/bbs/Beauty/M.1438962663.A.E37.html	[帥哥] 日本職棒(補上王溢正，柳田)	2015-08-07 23:51:00	SSLJ	9	8	7	http://i.imgur.com/BIlz8DP.jpg;http://i.imgur.com/UjyfodS.jpg;http://i.imgur.com/5gM5UJe.jpg;http://i.imgur.com/IfdS93Q.jpg;http://i.imgur.com/55GyOg5.jpg;http://i.imgur.com/0X4jc1k.jpg;http://i.imgur.com/K8R028X.jpg;http://i.imgur.com/OPwEsmL.jpg;http://i.imgur.com/9dV8S5q.jpg;http://i.imgur.com/NA8MSjA.jpg;http://i.imgur.com/oP43hd0.jpg;http://i.imgur.com/kfqG6so.jpg;http://i.imgur.com/u5gwHY8.jpg;http://i.imgur.com/eYmtweC.jpg;http://i.imgur.com/eb418RA.jpg;http://i.imgur.com/hCp1jK9.jpg	123.192.38.76	Taipei
https://www.ptt.cc/bbs/Beauty/M.1439199612.A.31D.html	[帥哥] 兩個帥哥	2015-08-10 17:40:10	danny901203	10	6	3	http://i.imgur.com/BSp6YbX.jpg;http://i.imgur.com/kyCLLLs.jpg;http://i.imgur.com/IypZGFt.jpg;http://i.imgur.com/BRC4f8z.jpg	115.165.200.96	Zhongxing New Village
https://www.ptt.cc/bbs/Beauty/M.1439128585.A.BC4.html	[帥哥] 周思齊	2015-08-09 21:56:22	jun33	138	16	8	http://i.imgur.com/B2yuVzx.jpg;http://i.imgur.com/1kgFGu7.jpg;http://i.imgur.com/HgXAoup.jpg;http://i.imgur.com/jM3739N.jpg;http://i.imgur.com/8EXbrYx.jpg;http://i.imgur.com/Tjhtjwo.jpg;http://i.imgur.com/5CsqqeQ.jpg;http://i.imgur.com/gdHiq88.jpg;http://i.imgur.com/aLknkhP.jpg;http://i.imgur.com/3RRXQek.jpg;http://i.imgur.com/71dguOB.jpg;http://i.imgur.com/mHqQ33U.jpg;http://i.imgur.com/H7dlWf2.jpg;http://i.imgur.com/UkV1oY6.jpg;http://i.imgur.com/TVgJtKO.jpg;http://i.imgur.com/oE0tFBp.jpg;http://i.imgur.com/ecIb9Cp.jpg;http://i.imgur.com/J0tqUaz.jpg;http://i.imgur.com/QC3bhGT.jpg;http://i.imgur.com/lNk8V0b.jpg;http://i.imgur.com/EngqzIY.jpg;http://i.imgur.com/2VHHUUK.jpg;http://i.imgur.com/7yr7D60.jpg	1.173.22.121	Tainan
https://www.ptt.cc/bbs/Beauty/M.1439207758.A.285.html	[帥哥] 有點像始源	2015-08-10 19:55:56	abbieuu	6	6	9	http://i.imgur.com/cyjTNx7.jpg	39.13.141.154	Hsinchu
https://www.ptt.cc/bbs/Beauty/M.1439285006.A.3AC.html	[帥哥] 大谷翔平	2015-08-11 17:23:24	danny901203	18	4	1	http://i.imgur.com/2E3Ivwy.jpg;http://i.imgur.com/f5hkVGO.jpg;http://i.imgur.com/0q8COAm.jpg;http://i.imgur.com/QcC0FlV.jpg;http://i.imgur.com/ErDFIY6.jpg;http://i.imgur.com/yI4Uqv8.jpg	115.165.200.96	Zhongxing New Village
https://www.ptt.cc/bbs/Beauty/M.1439208145.A.C1C.html	[帥哥] 朋友家的基因太強啦 	2015-08-10 20:02:23	wc3key	85	15	4	http://i.imgur.com/2c2JMl5.jpg;http://i.imgur.com/5umdDAz.jpg;http://i.imgur.com/knXgJSO.jpg	123.193.248.145	Taipei
https://www.ptt.cc/bbs/Beauty/M.1439285989.A.A58.html	[帥哥] 混血王子 達比修有	2015-08-11 17:39:46	nomo1616	25	6	0	http://i.imgur.com/N4BrwdR.jpg;http://i.imgur.com/X0VGUZU.jpg;http://i.imgur.com/qWBxU1W.jpg;http://i.imgur.com/i4zjxDj.jpg;http://i.imgur.com/tc9vsFL.jpg;http://i.imgur.com/qNa35NO.jpg;http://i.imgur.com/stMwW8E.jpg;http://i.imgur.com/qw3erKd.jpg;http://i.imgur.com/nSMWBzn.jpg;http://i.imgur.com/ZjGLsQz.jpg;http://i.imgur.com/2NqzNgc.jpg;http://i.imgur.com/3q8Me07.jpg	101.13.145.101	Chang-hua
https://www.ptt.cc/bbs/Beauty/M.1439294245.A.937.html	[帥哥] 中華男排帥哥	2015-08-11 19:57:22	yolo0616	53	7	0	http://i.imgur.com/0x2dWtY.jpg;http://i.imgur.com/b0T5OSj.jpg;http://i.imgur.com/RiWOfg5.jpg;http://i.imgur.com/PN5uXe4.jpg;http://i.imgur.com/DYmZPcr.jpg;http://i.imgur.com/4khtBM6.jpg;http://i.imgur.com/AVinNIa.jpg;http://i.imgur.com/xrIaLi4.jpg;http://i.imgur.com/hOa93tU.jpg;http://i.imgur.com/lXbcoon.jpg;http://i.imgur.com/pqo5tRD.jpg;http://i.imgur.com/XygQkfL.jpg;http://i.imgur.com/kHy0TNy.jpg;http://i.imgur.com/Uw9spO5.jpg;http://i.imgur.com/kCmR7Jb.jpg;http://i.imgur.com/r9RjVtO.jpg;http://i.imgur.com/ouKN4cq.jpg	58.115.172.222	Tainan
https://www.ptt.cc/bbs/Beauty/M.1439386043.A.E31.html	[帥哥] 王溢正、詹智堯	2015-08-12 21:27:21	danny901203	17	9	2	http://i.imgur.com/P6YagAA.jpg;http://i.imgur.com/9jULTWA.jpg;http://i.imgur.com/RmDnLOU.jpg;http://i.imgur.com/doAwOLB.jpg;http://i.imgur.com/vxYI6Ru.jpg;http://i.imgur.com/rSP3Gpu.jpg;http://i.imgur.com/tayRC5v.jpg;http://i.imgur.com/9vjxgGP.jpg;http://i.imgur.com/k58oW3l.jpg;http://i.imgur.com/op1haqY.jpg;http://i.imgur.com/hg4WGV2.jpg;http://i.imgur.com/KitdE87.jpg;http://i.imgur.com/u9KbTxs.jpg;http://i.imgur.com/OnhgBKd.jpg;http://i.imgur.com/M7zSBl8.jpg;http://i.imgur.com/e1eLaMa.jpg;http://i.imgur.com/tuBFlAA.jpg;http://i.imgur.com/kyNtDXK.jpg;http://i.imgur.com/yLUQ6fN.jpg;http://i.imgur.com/yEG0xGz.jpg	115.165.200.96	Zhongxing New Village
https://www.ptt.cc/bbs/Beauty/M.1439380195.A.9F8.html	[帥哥] 台灣旅美強投 陳偉殷	2015-08-12 19:49:52	nomo1616	103	20	1	http://i.imgur.com/3cLapXn.jpg;http://i.imgur.com/PU5qOr6.jpg;http://i.imgur.com/W0i0Yby.jpg;http://i.imgur.com/GrWV9Uf.jpg;http://i.imgur.com/EY2CMje.jpg;http://i.imgur.com/hVvRSvN.jpg;http://i.imgur.com/mnbPh5f.jpg;http://i.imgur.com/j0O7Nw1.jpg;http://i.imgur.com/I7p61bg.jpg;http://i.imgur.com/FC11ePO.jpg;http://i.imgur.com/F8MomR3.jpg;http://i.imgur.com/azvY6QP.jpg;http://i.imgur.com/KOHvqbl.jpg;http://i.imgur.com/bTCtwly.jpg;http://i.imgur.com/ZwXbfxL.jpg	218.166.90.214	Tainan
https://www.ptt.cc/bbs/Beauty/M.1439709622.A.316.html	[帥哥] 瀧澤秀明	2015-08-16 15:20:20	takiryushi	3	5	1	http://i.imgur.com/QTxsIfx.jpg;http://i.imgur.com/Q7Oulcb.jpg;http://i.imgur.com/oyHlbmY.jpg;http://i.imgur.com/IMOVwdF.jpg	1.174.142.249	Xinying
https://www.ptt.cc/bbs/Beauty/M.1439889612.A.624.html	[帥哥] 台灣男排雙胞胎	2015-08-18 17:20:09	yolo0616	28	4	2	http://i.imgur.com/kdpEHvh.jpg;http://i.imgur.com/NF5wDTL.jpg;http://i.imgur.com/ey6IqRh.jpg;http://i.imgur.com/rBmfPEk.jpg;http://i.imgur.com/zFCLjfS.jpg;http://i.imgur.com/nDR3p1C.jpg;http://i.imgur.com/ALJX0Q2.jpg;http://i.imgur.com/70AIbJS.jpg;http://i.imgur.com/DFJ4xsR.jpg;http://i.imgur.com/WnydAQK.jpg;http://i.imgur.com/FBajjmO.jpg;http://i.imgur.com/AbJAgMX.jpg;http://i.imgur.com/SRKd5xt.jpg;http://i.imgur.com/WlRcdXb.jpg;http://i.imgur.com/Y0v5FmW.jpg;http://i.imgur.com/7dSv6Au.jpg;http://i.imgur.com/59liEFZ.jpg;http://i.imgur.com/wXLG8HA.jpg;http://i.imgur.com/S7RGUXW.jpg;http://i.imgur.com/ocULY6m.jpg;http://i.imgur.com/UF1t9zr.jpg;http://i.imgur.com/IHJqQVl.jpg;http://i.imgur.com/eLbhgXL.jpg	58.115.172.222	Tainan
https://www.ptt.cc/bbs/Beauty/M.1439869032.A.E24.html	[帥哥] 我的同事這麼帥 怎麼會沒有女朋友	2015-08-18 11:37:10	bear5202020	47	28	31	http://i.imgur.com/Ylh1AiG.jpg;http://i.imgur.com/AjiDjaT.jpg;http://i.imgur.com/WHZKtVm.jpg;http://i.imgur.com/GcUTepB.jpg;http://i.imgur.com/rVvvbmL.jpg;http://i.imgur.com/5CF9iig.jpg;http://i.imgur.com/lv1Otck.jpg;http://i.imgur.com/uw86J5C.jpg	203.222.21.203	Taichung
https://www.ptt.cc/bbs/Beauty/M.1440080106.A.B34.html	[帥哥]  忠烈祠駐防的禮兵	2015-08-20 22:15:04	yukine39	13	7	0	http://i.imgur.com/fEovgnc.jpg;http://i.imgur.com/HOhBx0q.jpg	122.116.205.225	Taoyuan City
https://www.ptt.cc/bbs/Beauty/M.1440155733.A.EE6.html	[帥哥] 400年前的混血王子	2015-08-21 19:15:30	uar9590	25	10	17	http://i.imgur.com/A5YXBuI.jpg;http://i.imgur.com/kjRxTqr.jpg;http://i.imgur.com/J7ZObrQ.jpg;http://i.imgur.com/WVieAmA.jpg;http://i.imgur.com/EzW0OZ3.jpg;http://i.imgur.com/nTz4xIF.jpg;http://i.imgur.com/54DVg4c.jpg;http://i.imgur.com/v87tLrF.jpg;http://i.imgur.com/fKfRk1A.jpg;http://i.imgur.com/qySrqYx.jpg	222.251.10.245	Fengshan
https://www.ptt.cc/bbs/Beauty/M.1440220181.A.A32.html	[帥哥] 鬼月遇到名人	2015-08-22 13:09:36	goldboat	34	15	7	http://i.imgur.com/zIJBqvK.jpg;http://i.imgur.com/URUA4oH.jpg	223.136.141.141	Banqiao
https://www.ptt.cc/bbs/Beauty/M.1440383691.A.AE5.html	[帥哥] 台越混血	2015-08-24 10:34:48	asheng	166	24	22	http://i.imgur.com/g4ZVKqw.jpg;http://i.imgur.com/kZ6BgHH.jpg;http://i.imgur.com/rXaAFYl.jpg;http://i.imgur.com/Zb2zwpQ.jpg;http://i.imgur.com/x0WVfYe.jpg;http://i.imgur.com/o0jdQeb.jpg;http://i.imgur.com/ZGOHe9G.jpg;http://i.imgur.com/P9pc2Yj.jpg;http://i.imgur.com/0RRo2iq.jpg;http://i.imgur.com/3dLPqmO.jpg;http://i.imgur.com/Oq2L3G4.jpg;http://i.imgur.com/LiYTgrC.jpg	111.253.214.189	Douliu
https://www.ptt.cc/bbs/Beauty/M.1440433217.A.E68.html	[帥哥] 有點帥	2015-08-25 00:20:14	Peijunchen	103	19	23	http://i.imgur.com/efgjNnz.jpg;http://i.imgur.com/2XYY3OW.jpg;http://i.imgur.com/1I1nQ9s.jpg;http://i.imgur.com/GMhaPG0.jpg;http://i.imgur.com/OnZpyF0.jpg;http://i.imgur.com/ZNFZdop.jpg;http://i.imgur.com/qRBLUdF.jpg;http://i.imgur.com/yjhuJKK.jpg;http://i.imgur.com/RculgbT.jpg;http://i.imgur.com/rltFnZB.jpg	114.43.70.5	Taoyuan City
https://www.ptt.cc/bbs/Beauty/M.1440520166.A.D1C.html	Re: [帥哥] 徐太宇，是你嗎？	2015-08-26 00:29:22	nanjonosa	12	12	14	http://i.imgur.com/TvKok55.jpg	118.168.207.164	Taipei
https://www.ptt.cc/bbs/Beauty/M.1440621638.A.0C8.html	[帥哥] 未來的治療師	2015-08-27 04:40:36	kelseyyyyy	21	9	4	http://i.imgur.com/gU9ruHd.jpg;http://i.imgur.com/iKKjRZs.jpg;http://i.imgur.com/a6iRCar.jpg;http://i.imgur.com/dIofQ3t.jpg;http://i.imgur.com/StjRD1B.jpg;http://i.imgur.com/MP3HOj1.jpg;http://i.imgur.com/8pwHpJm.jpg	223.137.27.113	Keelung
https://www.ptt.cc/bbs/Beauty/M.1440613718.A.CE0.html	[帥哥] 退役籃球員 王信凱	2015-08-27 02:28:35	s93115	15	5	6	http://i.imgur.com/Fv6HCxe.jpg;http://i.imgur.com/CrCErDZ.jpg;http://i.imgur.com/EM1qns9.jpg;http://i.imgur.com/WICfkim.jpg;http://i.imgur.com/isuHCKk.jpg	1.162.192.215	Banqiao
https://www.ptt.cc/bbs/Beauty/M.1440761226.A.746.html	[帥哥] 哪一家店的帥哥店員	2015-08-28 19:27:04	elmo9017	2	6	5	http://i.imgur.com/eHaNNoH.jpg;http://i.imgur.com/12iaOx0.jpg	211.72.5.235	Taipei
https://www.ptt.cc/bbs/Beauty/M.1440783974.A.377.html	[帥哥] 8/28中天新聞訪問的單眼皮帥哥	2015-08-29 01:46:07	et20023	2	3	1	http://i.imgur.com/Ze5GHdA.jpg;http://i.imgur.com/YTAeR2S.jpg	140.109.222.141	Banqiao
https://www.ptt.cc/bbs/Beauty/M.1440826826.A.D45.html	[帥哥] 憂鬱日系美髮師	2015-08-29 13:40:23	Harionago	52	18	7	http://i.imgur.com/Of3zeAk.jpg;http://i.imgur.com/9mO86PI.jpg;http://i.imgur.com/HJAxmxW.jpg;http://i.imgur.com/RCEJMb5.jpg;http://i.imgur.com/cN9mmlq.jpg;http://i.imgur.com/3qBrDtR.jpg;http://i.imgur.com/qbSmnWb.jpg;http://i.imgur.com/UBVOBYW.jpg;http://i.imgur.com/WkaCxsg.jpg	1.169.53.123	Banqiao
https://www.ptt.cc/bbs/Beauty/M.1441108962.A.2BB.html	[帥哥] 帥氣大男孩	2015-09-01 20:02:39	zxc93528	16	6	0	http://i.imgur.com/PyCJF8N.jpg;http://i.imgur.com/loyIvMY.jpg;http://i.imgur.com/lIioaKw.jpg;http://i.imgur.com/a9720Q8.jpg;http://i.imgur.com/OhvBv0L.jpg;http://i.imgur.com/hsWR4gX.jpg;http://i.imgur.com/KSJGG2A.jpg;http://i.imgur.com/1aRyaTm.jpg;http://i.imgur.com/rNQi4rK.jpg	223.138.22.69	Yujing
https://www.ptt.cc/bbs/Beauty/M.1441550776.A.C4E.html	[帥哥] 逛到的	2015-09-06 22:46:14	sylvia890513	7	3	4	http://i.imgur.com/lyu9AcC.jpg	61.231.16.106	Taipei
https://www.ptt.cc/bbs/Beauty/M.1441726479.A.ED8.html	[帥哥] 捷運板南線外國帥哥	2015-09-08 23:34:36	renofred	67	45	16	http://i.imgur.com/RYTfq0i.jpg;http://i.imgur.com/SIcfkB4.jpg	42.73.138.136	Hsinchu
https://www.ptt.cc/bbs/Beauty/M.1442119194.A.491.html	[帥哥] 吃飯看到的	2015-09-13 12:39:52	ivytsai67	6	4	0	http://i.imgur.com/DAXazvN.jpg;http://i.imgur.com/lBybIhp.jpg;http://i.imgur.com/XsoSB9y.jpg	223.136.91.147	Keelung
https://www.ptt.cc/bbs/Beauty/M.1442820467.A.90A.html	[帥哥] 療癒系帥哥醫生	2015-09-21 15:27:45	jiki	173	44	17	http://i.imgur.com/S7ihjkY.jpg;http://i.imgur.com/PjOxkyW.jpg;http://i.imgur.com/CAgUsHl.jpg	223.139.11.93	Taoyuan City
https://www.ptt.cc/bbs/Beauty/M.1442920315.A.CC9.html	[帥哥] 純白服務生	2015-09-22 19:11:52	zxc93528	4	1	6	http://i.imgur.com/188fK2G.jpg	111.82.154.36	Chang-hua
https://www.ptt.cc/bbs/Beauty/M.1443014127.A.FD3.html	[帥哥] 想知道他的FB~	2015-09-23 21:15:25	jenlin830	19	16	3	http://i.imgur.com/fEF9yV8.jpg;http://i.imgur.com/dgXDpv1.jpg;http://i.imgur.com/rik7YcT.jpg;http://i.imgur.com/fT5NrWy.jpg	110.28.96.195	Taipei
https://www.ptt.cc/bbs/Beauty/M.1444182781.A.897.html	[帥哥] 台中高鐵型男阿公	2015-10-07 09:52:59	agnesk728	12	9	15	http://i.imgur.com/SWbM2DV.jpg;http://i.imgur.com/dLFELM1.jpg;http://i.imgur.com/VJhKhcI.jpg	111.82.174.66	Zhubei
https://www.ptt.cc/bbs/Beauty/M.1444901664.A.116.html	[帥哥] 萌帥系男孩 Masha	2015-10-15 17:34:21	zxc93528	9	7	3	http://i.imgur.com/XML7j0C.jpg;http://i.imgur.com/2e5eFw3.jpg;http://i.imgur.com/jqf3chT.jpg;http://i.imgur.com/9FlQooi.jpg	111.82.111.95	Fengyuan
https://www.ptt.cc/bbs/Beauty/M.1445174497.A.F66.html	[帥哥] 帥哥我同學	2015-10-18 21:21:28	arhtur945	79	35	22	http://i.imgur.com/Cyf0ekB.jpg;http://i.imgur.com/a0qmN9S.jpg;http://i.imgur.com/JAOaPdq.jpg;http://i.imgur.com/2veiB5B.jpg;http://i.imgur.com/wxFIskQ.jpg;http://i.imgur.com/THl2yIG.jpg	117.19.0.188	Taipei
https://www.ptt.cc/bbs/Beauty/M.1445390663.A.C21.html	[帥哥] 某校帥哥跪求學校、姓名	2015-10-21 09:24:20	mimicat520	7	15	10	http://i.imgur.com/oqwP1wl.jpg;http://i.imgur.com/V46Hr2Y.jpg	101.14.2.189	Taoyuan City
https://www.ptt.cc/bbs/Beauty/M.1445429992.A.514.html	[帥哥] 蠻會放電的	2015-10-21 20:19:49	zxc93528	1	8	5	http://i.imgur.com/Y2FPli7.jpg;http://i.imgur.com/6WhCJEl.jpg;http://i.imgur.com/qF8aKl9.jpg;http://i.imgur.com/ysufpSE.jpg;http://i.imgur.com/wEP3bWF.jpg	111.82.1.169	Taoyuan
https://www.ptt.cc/bbs/Beauty/M.1445522572.A.DCC.html	[帥哥] 我的帥哥朋友正恩	2015-10-22 22:02:48	ckshchen	88	19	8	http://i.imgur.com/kmtmAFi.jpg;http://i.imgur.com/ZJtD1AE.jpg;http://i.imgur.com/KE0ehvl.jpg;http://i.imgur.com/YC08KxS.jpg	36.231.148.35	Banqiao
https://www.ptt.cc/bbs/Beauty/M.1445611607.A.49C.html	[帥哥]出賣同班同學	2015-10-23 22:46:45	ounoo	84	22	20	http://i.imgur.com/fyD9P65.jpg;http://i.imgur.com/c6l0qdI.jpg;http://i.imgur.com/3GZI1Et.jpg;http://i.imgur.com/q5Nj59T.jpg;http://i.imgur.com/TCiME0c.jpg	175.181.103.59	Daxi
https://www.ptt.cc/bbs/Beauty/M.1446032676.A.EA7.html	[帥哥] 有點像鄭元暢	2015-10-28 19:44:33	zxc93528	11	7	1	http://i.imgur.com/ksIBsgZ.jpg;http://i.imgur.com/jhX8Tjd.jpg;http://i.imgur.com/4RVeaPl.jpg;http://i.imgur.com/AIakCiV.jpg;http://i.imgur.com/VDf3EF6.jpg;http://i.imgur.com/nWOS2ka.jpg	210.240.195.3	Fengshan
https://www.ptt.cc/bbs/Beauty/M.1446098534.A.D6A.html	[帥哥] 強者我朋友	2015-10-29 14:02:11	rex830521	15	8	17	http://i.imgur.com/D6xzOq8.jpg;http://i.imgur.com/f1zthH6.jpg;http://i.imgur.com/lpPCdC8.jpg;http://i.imgur.com/n7UHjpV.jpg;http://i.imgur.com/8PUYI87.jpg	36.228.132.8	Taipei
https://www.ptt.cc/bbs/Beauty/M.1446634077.A.CB2.html	[帥哥] 小時候胖不是胖	2015-11-04 18:47:54	zxc93528	13	5	6	http://i.imgur.com/8UE4BEF.jpg;http://i.imgur.com/YWlzOnY.jpg;http://i.imgur.com/iuLNuev.jpg;http://i.imgur.com/L70UzaA.jpg;http://i.imgur.com/RT1YzsY.jpg;http://i.imgur.com/r3hZAHT.jpg	111.83.1.57	Taichung
https://www.ptt.cc/bbs/Beauty/M.1446774543.A.712.html	[帥哥] 出賣超有才華我弟與其女友	2015-11-06 09:49:01	steffy0418	225	42	116	http://i.imgur.com/b60CLQZ.jpg;http://i.imgur.com/eP3Z7kh.jpg;http://i.imgur.com/yyFtliP.jpg;http://i.imgur.com/ul6k6Hm.jpg;http://i.imgur.com/8sSnCPm.jpg;http://i.imgur.com/YBgZAWQ.jpg;http://i.imgur.com/gsawqdc.jpg;http://i.imgur.com/THo1EUg.jpg;http://i.imgur.com/TEVvo3Y.jpg;http://i.imgur.com/JJMxDoq.jpg;http://i.imgur.com/WPW4vXL.jpg	180.217.246.234	Tainan
https://www.ptt.cc/bbs/Beauty/M.1448513809.A.C7E.html	[帥哥] 賣學弟 圖超少.....	2015-11-26 12:56:47	kkate005	50	14	11	http://i.imgur.com/UWHhmxN.jpg;http://i.imgur.com/gAOvhKn.jpg;http://i.imgur.com/4vMbVrh.jpg;http://i.imgur.com/2i8AeTe.jpg	114.136.88.208	Taipei
https://www.ptt.cc/bbs/Beauty/M.1448805785.A.EE9.html	Fw: [帥哥] 爺爺以前的照片（照片增新）	2015-11-29 22:03:04	QQcv	116	8	0	http://i.imgur.com/t5mxM9D.jpg;http://i.imgur.com/Mifq20p.jpg;http://i.imgur.com/JTsnyqh.jpg;http://i.imgur.com/ERbPvyk.jpg	203.165.228.247	Musashino
https://www.ptt.cc/bbs/Beauty/M.1448904411.A.66A.html	[帥哥] 在那沒有玻尿酸的年代	2015-12-01 01:26:48	shyuanlin	26	9	4	http://i.imgur.com/dMKdh8K.jpg;http://i.imgur.com/tXNA3qA.jpg;http://i.imgur.com/lviBJh1.jpg;http://i.imgur.com/7TXPlcu.jpg;http://i.imgur.com/jELH5uR.jpg;http://i.imgur.com/DjwILPe.jpg	39.13.213.187	Taipei
https://www.ptt.cc/bbs/Beauty/M.1448896967.A.A26.html	[帥哥] 民國初年帥哥	2015-11-30 23:22:45	joshua0606	18	7	2	http://i.imgur.com/tVltoPK.jpg;http://i.imgur.com/HnOUUOT.jpg	223.141.133.79	Kaohsiung
https://www.ptt.cc/bbs/Beauty/M.1449251457.A.1B3.html	[帥哥] 國小同學	2015-12-05 01:50:54	meatbag0808	20	13	6	http://i.imgur.com/66MYR0m.jpg;http://i.imgur.com/512T1Zc.jpg;http://i.imgur.com/abGfTGk.jpg;http://i.imgur.com/8eLy5AP.jpg;http://i.imgur.com/xyennIh.jpg	39.12.130.16	Jiayi Shi
https://www.ptt.cc/bbs/Beauty/M.1449415084.A.AE3.html	[帥哥] 朋友	2015-12-06 23:18:02	dani0921	4	6	6	http://i.imgur.com/DL6Xpl8.jpg;http://i.imgur.com/3hbkaRt.jpg;http://i.imgur.com/AbotGpx.jpg;http://i.imgur.com/XoJKtiH.jpg;http://i.imgur.com/v9lRcNM.jpg	39.12.72.246	Fengshan
https://www.ptt.cc/bbs/Beauty/M.1449579399.A.BF0.html	[帥哥] 爸爸年輕帥照	2015-12-08 20:56:37	sunnychien01	24	15	0	http://i.imgur.com/hvP3y3B.jpg;http://i.imgur.com/F3qKyJ5.jpg;http://i.imgur.com/jt4TSVZ.jpg;http://i.imgur.com/flcgZc5.jpg	111.248.226.29	Taipei
https://www.ptt.cc/bbs/Beauty/M.1450506270.A.1D1.html	[帥哥] 身材臉蛋二選一	2015-12-19 14:24:28	moneymoney	20	15	7	http://i.imgur.com/27jcODs.jpg	111.249.62.226	Hsinchu
https://www.ptt.cc/bbs/Beauty/M.1450535896.A.F88.html	[帥哥] 個人照	2015-12-19 22:38:13	qscxz	311	42	18	http://i.imgur.com/E2b0RUi.jpg;http://i.imgur.com/tAfIASI.jpg;http://i.imgur.com/4VngjTa.jpg;http://i.imgur.com/2cvqpaV.jpg;http://i.imgur.com/NijyrLV.jpg;http://i.imgur.com/iai0HYM.jpg;http://i.imgur.com/O71d2Dt.jpg	36.232.217.121	Zhongxing New Village
https://www.ptt.cc/bbs/Beauty/M.1450678610.A.0F4.html	[帥哥] 鄰家男孩	2015-12-21 14:16:48	williamhuang	85	27	63	http://i.imgur.com/EgegIDH.jpg;http://i.imgur.com/Zs039k7.jpg;http://i.imgur.com/YdGWTMv.jpg	140.112.25.106	Taipei
https://www.ptt.cc/bbs/Beauty/M.1451243483.A.D4F.html	[帥哥] 台大校友石知田	2015-12-28 03:11:21	beautiful	37	6	9	http://i.imgur.com/8NIRc4l.jpg;http://i.imgur.com/T6wwqUU.jpg;http://i.imgur.com/2MgRPkG.jpg;http://i.imgur.com/5QTCEzR.jpg;http://i.imgur.com/EqAcTJU.jpg;http://i.imgur.com/uk6bKy3.jpg;http://i.imgur.com/8SkddsY.jpg;http://i.imgur.com/4ResYy1.jpg	27.124.188.99	Suwon
https://www.ptt.cc/bbs/Beauty/M.1451286336.A.646.html	[帥哥] 靦腆暖男	2015-12-28 15:05:33	williamhuang	26	12	28	http://i.imgur.com/2AwsQXd.jpg;http://i.imgur.com/P4lShRw.jpg;http://i.imgur.com/wPDYaQu.jpg	140.112.25.106	Taipei
